date,site,rainfall
2025-01-01,Ainsdale,1.7156529017857143
2025-01-01,Hazelrigg,0.5107421875
2025-01-01,Wytham,9.162109375
2025-01-02,Ainsdale,0.22564174107142856
2025-01-02,Hazelrigg,1.29931640625
2025-01-02,Wytham,0.0576171875
2025-01-03,Ainsdale,3.1076171874999994
2025-01-03,Hazelrigg,4.73583984375
2025-01-03,Wytham,0.0078125
2025-01-04,Ainsdale,3.5840680803571425
2025-01-04,Hazelrigg,4.154052734375
2025-01-04,Wytham,14.533203125
2025-01-05,Ainsdale,32.57318638392857
2025-01-05,Hazelrigg,18.273681640625
2025-01-05,Wytham,12.263671875
2025-01-06,Ainsdale,3.481780133928572
2025-01-06,Hazelrigg,1.57666015625
2025-01-06,Wytham,1.7607421875
2025-01-07,Ainsdale,2.4080915178571427
2025-01-07,Hazelrigg,1.37841796875
2025-01-07,Wytham,0.2275390625
2025-01-08,Ainsdale,0.2727120535714286
2025-01-08,Hazelrigg,0.011962890625
2025-01-08,Wytham,0.0087890625
2025-01-09,Ainsdale,0.6409040178571429
2025-01-09,Hazelrigg,0.34130859375
2025-01-09,Wytham,0.00390625
2025-01-10,Ainsdale,0.14344308035714287
2025-01-10,Hazelrigg,0.103759765625
2025-01-10,Wytham,0.001953125
2025-01-11,Ainsdale,0.78515625
2025-01-11,Hazelrigg,0.413330078125
2025-01-11,Wytham,0.1103515625
2025-01-12,Ainsdale,0.04732142857142857
2025-01-12,Hazelrigg,0.42626953125
2025-01-12,Wytham,0.1181640625
2025-01-13,Ainsdale,1.8190569196428568
2025-01-13,Hazelrigg,14.653564453125
2025-01-13,Wytham,0.0537109375
2025-01-14,Ainsdale,0.6297154017857144
2025-01-14,Hazelrigg,3.089599609375
2025-01-14,Wytham,0.1220703125
2025-01-15,Ainsdale,0.21219308035714285
2025-01-15,Hazelrigg,9.765625e-4
2025-01-15,Wytham,0.1689453125
2025-01-16,Ainsdale,0.09294084821428572
2025-01-16,Hazelrigg,0.001953125
2025-01-16,Wytham,9.765625e-4
2025-01-17,Ainsdale,0.0103515625
2025-01-17,Hazelrigg,0
2025-01-17,Wytham,0
2025-01-18,Ainsdale,0.001199776785714286
2025-01-18,Hazelrigg,0
2025-01-18,Wytham,0.103515625
2025-01-19,Ainsdale,0.35147879464285714
2025-01-19,Hazelrigg,0.001220703125
2025-01-19,Wytham,0.009765625
2025-01-20,Ainsdale,4.5847098214285715
2025-01-20,Hazelrigg,7.210693359375
2025-01-20,Wytham,0.005859375
2025-01-21,Ainsdale,2.8853236607142856
2025-01-21,Hazelrigg,6.490478515625
2025-01-21,Wytham,0.0107421875
2025-01-22,Ainsdale,1.2104631696428572
2025-01-22,Hazelrigg,0.80908203125
2025-01-22,Wytham,0.333984375
2025-01-23,Ainsdale,6.561188616071429
2025-01-23,Hazelrigg,12.036865234375
2025-01-23,Wytham,8.1689453125
2025-01-24,Ainsdale,0.5082031250000001
2025-01-24,Hazelrigg,0.09130859375
2025-01-24,Wytham,1.376953125
2025-01-25,Ainsdale,2.027176339285714
2025-01-25,Hazelrigg,0.726806640625
2025-01-25,Wytham,0.0693359375
2025-01-26,Ainsdale,6.259486607142857
2025-01-26,Hazelrigg,11.49560546875
2025-01-26,Wytham,21.3818359375
2025-01-27,Ainsdale,1.855078125
2025-01-27,Hazelrigg,2.52783203125
2025-01-27,Wytham,5.802734375
2025-01-28,Ainsdale,1.223716517857143
2025-01-28,Hazelrigg,0.099609375
2025-01-28,Wytham,4.00390625
2025-01-29,Ainsdale,0.08560267857142859
2025-01-29,Hazelrigg,0
2025-01-29,Wytham,0.001953125
2025-01-30,Ainsdale,5.332505580357143
2025-01-30,Hazelrigg,2.718505859375
2025-01-30,Wytham,5.923828125
2025-01-31,Ainsdale,0.025613839285714285
2025-01-31,Hazelrigg,0.001708984375
2025-01-31,Wytham,0.1201171875
2025-02-01,Ainsdale,0.023660714285714285
2025-02-01,Hazelrigg,0
2025-02-01,Wytham,0
2025-02-02,Ainsdale,0.3269810267857143
2025-02-02,Hazelrigg,1.11669921875
2025-02-02,Wytham,9.765625e-4
2025-02-03,Ainsdale,0.06029575892857143
2025-02-03,Hazelrigg,0.203857421875
2025-02-03,Wytham,0.1708984375
2025-02-04,Ainsdale,1.171958705357143
2025-02-04,Hazelrigg,6.922607421875
2025-02-04,Wytham,0.916015625
2025-02-05,Ainsdale,0.16710379464285713
2025-02-05,Hazelrigg,0.200927734375
2025-02-05,Wytham,0.0078125
2025-02-06,Ainsdale,0.19695870535714285
2025-02-06,Hazelrigg,0.002197265625
2025-02-06,Wytham,0.2080078125
2025-02-07,Ainsdale,0.17393973214285716
2025-02-07,Hazelrigg,0.00390625
2025-02-07,Wytham,3.0703125
2025-02-08,Ainsdale,0.7509207589285715
2025-02-08,Hazelrigg,0.004638671875
2025-02-08,Wytham,1.21875
2025-02-09,Ainsdale,0.010909598214285714
2025-02-09,Hazelrigg,4.8828125e-4
2025-02-09,Wytham,14.052734375
2025-02-10,Ainsdale,0.3775669642857143
2025-02-10,Hazelrigg,0.1044921875
2025-02-10,Wytham,0.9521484375
2025-02-11,Ainsdale,0.13766741071428573
2025-02-11,Hazelrigg,0.003173828125
2025-02-11,Wytham,0.0068359375
2025-02-12,Ainsdale,0.024302455357142858
2025-02-12,Hazelrigg,0.001220703125
2025-02-12,Wytham,0.00390625
2025-02-13,Ainsdale,0.0030970982142857146
2025-02-13,Hazelrigg,0
2025-02-13,Wytham,0
2025-02-14,Ainsdale,0.23203125000000002
2025-02-14,Hazelrigg,0.374267578125
2025-02-14,Wytham,0.1083984375
2025-02-15,Ainsdale,0.6482142857142857
2025-02-15,Hazelrigg,0.102294921875
2025-02-15,Wytham,5.103515625
2025-02-16,Ainsdale,0
2025-02-16,Hazelrigg,0
2025-02-16,Wytham,9.765625e-4
2025-02-17,Ainsdale,0.07698102678571428
2025-02-17,Hazelrigg,0
2025-02-17,Wytham,0.0556640625
2025-02-18,Ainsdale,0
2025-02-18,Hazelrigg,0
2025-02-18,Wytham,0
2025-02-19,Ainsdale,4.836941964285714
2025-02-19,Hazelrigg,6.326171875
2025-02-19,Wytham,1.734375
2025-02-20,Ainsdale,5.466155133928572
2025-02-20,Hazelrigg,4.707275390625
2025-02-20,Wytham,1.7294921875
2025-02-21,Ainsdale,0.6143973214285715
2025-02-21,Hazelrigg,1.991455078125
2025-02-21,Wytham,1.24609375
2025-02-22,Ainsdale,0.07949218750000002
2025-02-22,Hazelrigg,0.10107421875
2025-02-22,Wytham,0.017578125
2025-02-23,Ainsdale,6.1615234375
2025-02-23,Hazelrigg,11.990966796875
2025-02-23,Wytham,13.7626953125
2025-02-24,Ainsdale,1.8825613839285715
2025-02-24,Hazelrigg,2.73486328125
2025-02-24,Wytham,0.1171875
2025-02-25,Ainsdale,2.9622767857142858
2025-02-25,Hazelrigg,3.964599609375
2025-02-25,Wytham,6.1396484375
2025-02-26,Ainsdale,4.435239955357143
2025-02-26,Hazelrigg,3.2587890625
2025-02-26,Wytham,7.7119140625
2025-02-27,Ainsdale,0.03953683035714286
2025-02-27,Hazelrigg,0.1015625
2025-02-27,Wytham,0.0029296875
2025-02-28,Ainsdale,0.15837053571428572
2025-02-28,Hazelrigg,0.078857421875
2025-02-28,Wytham,0.00390625
2025-03-01,Ainsdale,8.091517857142857e-4
2025-03-01,Hazelrigg,0
2025-03-01,Wytham,0.05078125
2025-03-02,Ainsdale,0.019893973214285716
2025-03-02,Hazelrigg,0
2025-03-02,Wytham,9.765625e-4
2025-03-03,Ainsdale,0.032952008928571426
2025-03-03,Hazelrigg,0.791015625
2025-03-03,Wytham,9.765625e-4
2025-03-04,Ainsdale,0
2025-03-04,Hazelrigg,0
2025-03-04,Wytham,9.765625e-4
2025-03-05,Ainsdale,3.627232142857141e-4
2025-03-05,Hazelrigg,0
2025-03-05,Wytham,0.00390625
2025-03-06,Ainsdale,3.6895647321428573
2025-03-06,Hazelrigg,1.505859375
2025-03-06,Wytham,0
2025-03-07,Ainsdale,0.037890625
2025-03-07,Hazelrigg,0.399169921875
2025-03-07,Wytham,0
2025-03-08,Ainsdale,0.005245535714285715
2025-03-08,Hazelrigg,0
2025-03-08,Wytham,0
2025-03-09,Ainsdale,0
2025-03-09,Hazelrigg,0
2025-03-09,Wytham,0.12109375
2025-03-10,Ainsdale,0.008147321428571429
2025-03-10,Hazelrigg,2.44140625e-4
2025-03-10,Wytham,0.515625
2025-03-11,Ainsdale,0.3508928571428571
2025-03-11,Hazelrigg,0
2025-03-11,Wytham,0.0107421875
2025-03-12,Ainsdale,0.41280691964285715
2025-03-12,Hazelrigg,0.4130859375
2025-03-12,Wytham,0.212890625
2025-03-13,Ainsdale,0.004966517857142857
2025-03-13,Hazelrigg,0
2025-03-13,Wytham,0.0849609375
2025-03-14,Ainsdale,0.1451450892857143
2025-03-14,Hazelrigg,0.00830078125
2025-03-14,Wytham,0.0126953125
2025-03-15,Ainsdale,0.0025948660714285713
2025-03-15,Hazelrigg,0
2025-03-15,Wytham,0.095703125
2025-03-16,Ainsdale,0
2025-03-16,Hazelrigg,0
2025-03-16,Wytham,0.271484375
2025-03-17,Ainsdale,0
2025-03-17,Hazelrigg,0
2025-03-17,Wytham,0
2025-03-18,Ainsdale,0
2025-03-18,Hazelrigg,0
2025-03-18,Wytham,0
2025-03-19,Ainsdale,0.006863839285714286
2025-03-19,Hazelrigg,0
2025-03-19,Wytham,0.1240234375
2025-03-20,Ainsdale,0.0017020089285714286
2025-03-20,Hazelrigg,0
2025-03-20,Wytham,0
2025-03-21,Ainsdale,0.2346540178571429
2025-03-21,Hazelrigg,1.4111328125
2025-03-21,Wytham,0.3818359375
2025-03-22,Ainsdale,10.978013392857143
2025-03-22,Hazelrigg,14.1044921875
2025-03-22,Wytham,0.0888671875
2025-03-23,Ainsdale,0.5239118303571427
2025-03-23,Hazelrigg,0.102783203125
2025-03-23,Wytham,0.9248046875
2025-03-24,Ainsdale,0.43881138392857144
2025-03-24,Hazelrigg,0.001953125
2025-03-24,Wytham,0.00390625
2025-03-25,Ainsdale,0.017159598214285716
2025-03-25,Hazelrigg,2.44140625e-4
2025-03-25,Wytham,0.0068359375
2025-03-26,Ainsdale,7.812500000000002e-4
2025-03-26,Hazelrigg,0
2025-03-26,Wytham,0
2025-03-27,Ainsdale,2.099832589285714
2025-03-27,Hazelrigg,3.284912109375
2025-03-27,Wytham,0.033203125
2025-03-28,Ainsdale,0.012751116071428571
2025-03-28,Hazelrigg,0.208984375
2025-03-28,Wytham,0.001953125
2025-03-29,Ainsdale,0.5935825892857143
2025-03-29,Hazelrigg,4.781005859375
2025-03-29,Wytham,0
2025-03-30,Ainsdale,0.0016462053571428571
2025-03-30,Hazelrigg,0
2025-03-30,Wytham,0
2025-03-31,Ainsdale,0.003431919642857143
2025-03-31,Hazelrigg,0
2025-03-31,Wytham,0
2025-04-01,Ainsdale,0.0030970982142857146
2025-04-01,Hazelrigg,0
2025-04-01,Wytham,9.765625e-4
2025-04-02,Ainsdale,0
2025-04-02,Hazelrigg,0
2025-04-02,Wytham,0
2025-04-03,Ainsdale,0
2025-04-03,Hazelrigg,0
2025-04-03,Wytham,9.765625e-4
2025-04-04,Ainsdale,0
2025-04-04,Hazelrigg,0
2025-04-04,Wytham,0
2025-04-05,Ainsdale,0
2025-04-05,Hazelrigg,0
2025-04-05,Wytham,0
2025-04-06,Ainsdale,0
2025-04-06,Hazelrigg,0
2025-04-06,Wytham,0
2025-04-07,Ainsdale,0
2025-04-07,Hazelrigg,0
2025-04-07,Wytham,0
2025-04-08,Ainsdale,0
2025-04-08,Hazelrigg,0
2025-04-08,Wytham,0
2025-04-09,Ainsdale,0
2025-04-09,Hazelrigg,0
2025-04-09,Wytham,0
2025-04-10,Ainsdale,3.348214285714287e-4
2025-04-10,Hazelrigg,0
2025-04-10,Wytham,0
2025-04-11,Ainsdale,0
2025-04-11,Hazelrigg,0.001953125
2025-04-11,Wytham,0
2025-04-12,Ainsdale,0.5737165178571428
2025-04-12,Hazelrigg,0.405517578125
2025-04-12,Wytham,0
2025-04-13,Ainsdale,2.7901785714285707e-5
2025-04-13,Hazelrigg,2.44140625e-4
2025-04-13,Wytham,0.0673828125
2025-04-14,Ainsdale,4.959040178571429
2025-04-14,Hazelrigg,3.458984375
2025-04-14,Wytham,1.2763671875
2025-04-15,Ainsdale,1.4029575892857142
2025-04-15,Hazelrigg,0.4150390625
2025-04-15,Wytham,0.390625
2025-04-16,Ainsdale,3.299386160714286
2025-04-16,Hazelrigg,4.054931640625
2025-04-16,Wytham,0.197265625
2025-04-17,Ainsdale,0.09383370535714286
2025-04-17,Hazelrigg,0.18310546875
2025-04-17,Wytham,9.765625e-4
2025-04-18,Ainsdale,1.5081752232142858
2025-04-18,Hazelrigg,4.538330078125
2025-04-18,Wytham,0.7099609375
2025-04-19,Ainsdale,0.0018973214285714286
2025-04-19,Hazelrigg,0
2025-04-19,Wytham,0.005859375
2025-04-20,Ainsdale,0.41261160714285716
2025-04-20,Hazelrigg,0.787841796875
2025-04-20,Wytham,0.3779296875
2025-04-21,Ainsdale,1.5738002232142858
2025-04-21,Hazelrigg,2.399169921875
2025-04-21,Wytham,0.6328125
2025-04-22,Ainsdale,3.933258928571428
2025-04-22,Hazelrigg,0.1142578125
2025-04-22,Wytham,18.3857421875
2025-04-23,Ainsdale,0.0021763392857142862
2025-04-23,Hazelrigg,0
2025-04-23,Wytham,0.1005859375
2025-04-24,Ainsdale,0
2025-04-24,Hazelrigg,0.004150390625
2025-04-24,Wytham,9.765625e-4
2025-04-25,Ainsdale,0.006222098214285713
2025-04-25,Hazelrigg,0
2025-04-25,Wytham,0
2025-04-26,Ainsdale,0.0012276785714285714
2025-04-26,Hazelrigg,0.002685546875
2025-04-26,Wytham,0
2025-04-27,Ainsdale,0
2025-04-27,Hazelrigg,0
2025-04-27,Wytham,0
2025-04-28,Ainsdale,0
2025-04-28,Hazelrigg,0
2025-04-28,Wytham,0
2025-04-29,Ainsdale,0
2025-04-29,Hazelrigg,0
2025-04-29,Wytham,0
2025-04-30,Ainsdale,0
2025-04-30,Hazelrigg,0
2025-04-30,Wytham,0
2025-05-01,Ainsdale,0.0012555803571428572
2025-05-01,Hazelrigg,0
2025-05-01,Wytham,0
2025-05-02,Ainsdale,2.790178571428571e-5
2025-05-02,Hazelrigg,0.019287109375
2025-05-02,Wytham,0
2025-05-03,Ainsdale,0.07273995535714287
2025-05-03,Hazelrigg,0.02392578125
2025-05-03,Wytham,0
2025-05-04,Ainsdale,0
2025-05-04,Hazelrigg,9.765625e-4
2025-05-04,Wytham,0.001953125
2025-05-05,Ainsdale,0
2025-05-05,Hazelrigg,0
2025-05-05,Wytham,0
2025-05-06,Ainsdale,0
2025-05-06,Hazelrigg,0
2025-05-06,Wytham,0
2025-05-07,Ainsdale,0
2025-05-07,Hazelrigg,0
2025-05-07,Wytham,0
2025-05-08,Ainsdale,0
2025-05-08,Hazelrigg,0
2025-05-08,Wytham,0
2025-05-09,Ainsdale,0
2025-05-09,Hazelrigg,0
2025-05-09,Wytham,0
2025-05-10,Ainsdale,0
2025-05-10,Hazelrigg,0
2025-05-10,Wytham,0
2025-05-11,Ainsdale,0.12712053571428572
2025-05-11,Hazelrigg,0
2025-05-11,Wytham,2.587890625
2025-05-12,Ainsdale,0.45524553571428555
2025-05-12,Hazelrigg,0
2025-05-12,Wytham,2.0810546875
2025-05-13,Ainsdale,0
2025-05-13,Hazelrigg,0
2025-05-13,Wytham,9.765625e-4
2025-05-14,Ainsdale,0
2025-05-14,Hazelrigg,0
2025-05-14,Wytham,0
2025-05-15,Ainsdale,0
2025-05-15,Hazelrigg,0
2025-05-15,Wytham,0
2025-05-16,Ainsdale,0
2025-05-16,Hazelrigg,0
2025-05-16,Wytham,0
2025-05-17,Ainsdale,0
2025-05-17,Hazelrigg,0
2025-05-17,Wytham,0
2025-05-18,Ainsdale,0
2025-05-18,Hazelrigg,0
2025-05-18,Wytham,0
2025-05-19,Ainsdale,0.002092633928571429
2025-05-19,Hazelrigg,9.765625e-4
2025-05-19,Wytham,0
2025-05-20,Ainsdale,0.024386160714285714
2025-05-20,Hazelrigg,0
2025-05-20,Wytham,0.6181640625
2025-05-21,Ainsdale,0.0015625
2025-05-21,Hazelrigg,0
2025-05-21,Wytham,2.6962890625
2025-05-22,Ainsdale,0
2025-05-22,Hazelrigg,0
2025-05-22,Wytham,0
2025-05-23,Ainsdale,10.068247767857143
2025-05-23,Hazelrigg,14.56298828125
2025-05-23,Wytham,5.0224609375
2025-05-24,Ainsdale,1.2545479910714286
2025-05-24,Hazelrigg,5.894775390625
2025-05-24,Wytham,0.52734375
2025-05-25,Ainsdale,0.3979073660714286
2025-05-25,Hazelrigg,1.655517578125
2025-05-25,Wytham,9.765625e-4
2025-05-26,Ainsdale,13.421763392857141
2025-05-26,Hazelrigg,21.084716796875
2025-05-26,Wytham,3.087890625
2025-05-27,Ainsdale,6.9857700892857135
2025-05-27,Hazelrigg,2.411376953125
2025-05-27,Wytham,4.7841796875
2025-05-28,Ainsdale,7.371177455357143
2025-05-28,Hazelrigg,14.2666015625
2025-05-28,Wytham,0.6337890625
2025-05-29,Ainsdale,0.8842354910714285
2025-05-29,Hazelrigg,6.0703125
2025-05-29,Wytham,9.765625e-4
2025-05-30,Ainsdale,0.0038783482142857144
2025-05-30,Hazelrigg,0.332763671875
2025-05-30,Wytham,0
2025-05-31,Ainsdale,0.012193080357142857
2025-05-31,Hazelrigg,0.002197265625
2025-05-31,Wytham,0
2025-06-01,Ainsdale,0.4827287946428571
2025-06-01,Hazelrigg,0.92236328125
2025-06-01,Wytham,0.00390625
2025-06-02,Ainsdale,7.169308035714286
2025-06-02,Hazelrigg,14.04345703125
2025-06-02,Wytham,1.1044921875
2025-06-03,Ainsdale,1.2681082589285715
2025-06-03,Hazelrigg,1.30029296875
2025-06-03,Wytham,4.75
2025-06-04,Ainsdale,5.6291573660714285
2025-06-04,Hazelrigg,8.40087890625
2025-06-04,Wytham,0.6552734375
2025-06-05,Ainsdale,5.6288504464285705
2025-06-05,Hazelrigg,11.124755859375
2025-06-05,Wytham,7.58984375
2025-06-06,Ainsdale,5.847154017857143
2025-06-06,Hazelrigg,17.40185546875
2025-06-06,Wytham,1.3984375
2025-06-07,Ainsdale,4.941127232142857
2025-06-07,Hazelrigg,7.0400390625
2025-06-07,Wytham,4.8671875
2025-06-08,Ainsdale,1.4861328125
2025-06-08,Hazelrigg,1.421875
2025-06-08,Wytham,0.0498046875
2025-06-09,Ainsdale,8.852845982142856
2025-06-09,Hazelrigg,31.802734375
2025-06-09,Wytham,0.0478515625
2025-06-10,Ainsdale,0.0037109375
2025-06-10,Hazelrigg,2.44140625e-4
2025-06-10,Wytham,9.765625e-4
2025-06-11,Ainsdale,0
2025-06-11,Hazelrigg,2.44140625e-4
2025-06-11,Wytham,0
2025-06-12,Ainsdale,0.5378069196428572
2025-06-12,Hazelrigg,0.001220703125
2025-06-12,Wytham,1.94140625
2025-06-13,Ainsdale,19.544447544642857
2025-06-13,Hazelrigg,31.462158203125
2025-06-13,Wytham,9.765625e-4
2025-06-14,Ainsdale,0.06526227678571428
2025-06-14,Hazelrigg,1.11181640625
2025-06-14,Wytham,0.080078125
2025-06-15,Ainsdale,0.012053571428571429
2025-06-15,Hazelrigg,0.205322265625
2025-06-15,Wytham,0
2025-06-16,Ainsdale,0
2025-06-16,Hazelrigg,9.765625e-4
2025-06-16,Wytham,0
2025-06-17,Ainsdale,0.024358258928571425
2025-06-17,Hazelrigg,5.086669921875
2025-06-17,Wytham,9.765625e-4
2025-06-18,Ainsdale,0
2025-06-18,Hazelrigg,0
2025-06-18,Wytham,9.765625e-4
2025-06-19,Ainsdale,0
2025-06-19,Hazelrigg,0
2025-06-19,Wytham,0
2025-06-20,Ainsdale,0
2025-06-20,Hazelrigg,0
2025-06-20,Wytham,0
2025-06-21,Ainsdale,0.4346819196428572
2025-06-21,Hazelrigg,1.667236328125
2025-06-21,Wytham,0.2919921875
2025-06-22,Ainsdale,4.224135044642857
2025-06-22,Hazelrigg,7.691650390625
2025-06-22,Wytham,0.92578125
2025-06-23,Ainsdale,6.111104910714285
2025-06-23,Hazelrigg,7.54345703125
2025-06-23,Wytham,1.0166015625
2025-06-24,Ainsdale,2.0916015625
2025-06-24,Hazelrigg,0.306396484375
2025-06-24,Wytham,0
2025-06-25,Ainsdale,2.8203125
2025-06-25,Hazelrigg,5.84326171875
2025-06-25,Wytham,0.0029296875
2025-06-26,Ainsdale,0.8724609375
2025-06-26,Hazelrigg,3.2822265625
2025-06-26,Wytham,4.4443359375
2025-06-27,Ainsdale,0.003041294642857143
2025-06-27,Hazelrigg,1.09375
2025-06-27,Wytham,9.765625e-4
2025-06-28,Ainsdale,2.6780970982142858
2025-06-28,Hazelrigg,3.7041015625
2025-06-28,Wytham,0
2025-06-29,Ainsdale,0.002706473214285714
2025-06-29,Hazelrigg,2.44140625e-4
2025-06-29,Wytham,0
2025-06-30,Ainsdale,3.906250000000001e-4
2025-06-30,Hazelrigg,0
2025-06-30,Wytham,0
2025-07-01,Ainsdale,0.3694475446428571
2025-07-01,Hazelrigg,3.9345703125
2025-07-01,Wytham,0
2025-07-02,Ainsdale,0
2025-07-02,Hazelrigg,0
2025-07-02,Wytham,0.0068359375
2025-07-03,Ainsdale,0.005133928571428572
2025-07-03,Hazelrigg,0.002197265625
2025-07-03,Wytham,0
2025-07-04,Ainsdale,4.427399553571428
2025-07-04,Hazelrigg,18.8203125
2025-07-04,Wytham,0.0126953125
2025-07-05,Ainsdale,1.4796595982142855
2025-07-05,Hazelrigg,3.720947265625
2025-07-05,Wytham,0.1337890625
2025-07-06,Ainsdale,1.7248883928571428
2025-07-06,Hazelrigg,1.62255859375
2025-07-06,Wytham,6.08984375
2025-07-07,Ainsdale,0.6359654017857143
2025-07-07,Hazelrigg,0.001220703125
2025-07-07,Wytham,0.37109375
2025-07-08,Ainsdale,0.23950892857142858
2025-07-08,Hazelrigg,1.910888671875
2025-07-08,Wytham,0
2025-07-09,Ainsdale,0.001171875
2025-07-09,Hazelrigg,0
2025-07-09,Wytham,0
2025-07-10,Ainsdale,0
2025-07-10,Hazelrigg,0
2025-07-10,Wytham,0
2025-07-11,Ainsdale,0
2025-07-11,Hazelrigg,0.024658203125
2025-07-11,Wytham,0
2025-07-12,Ainsdale,0
2025-07-12,Hazelrigg,0
2025-07-12,Wytham,0
2025-07-13,Ainsdale,0.12332589285714284
2025-07-13,Hazelrigg,0.510009765625
2025-07-13,Wytham,0
2025-07-14,Ainsdale,2.53671875
2025-07-14,Hazelrigg,2.149169921875
2025-07-14,Wytham,0.38671875
2025-07-15,Ainsdale,9.696540178571428
2025-07-15,Hazelrigg,21.205078125
2025-07-15,Wytham,1.9248046875
2025-07-16,Ainsdale,0.022879464285714284
2025-07-16,Hazelrigg,9.765625e-4
2025-07-16,Wytham,0.6494140625
2025-07-17,Ainsdale,1.1235770089285713
2025-07-17,Hazelrigg,0.30224609375
2025-07-17,Wytham,0.1474609375
2025-07-18,Ainsdale,0.42380022321428573
2025-07-18,Hazelrigg,1.181884765625
2025-07-18,Wytham,4.17578125
2025-07-19,Ainsdale,0.9515066964285714
2025-07-19,Hazelrigg,1.802978515625
2025-07-19,Wytham,4.8037109375
2025-07-20,Ainsdale,8.035184151785714
2025-07-20,Hazelrigg,17.741943359375
2025-07-20,Wytham,3.845703125
2025-07-21,Ainsdale,1.86328125
2025-07-21,Hazelrigg,0.31005859375
2025-07-21,Wytham,8.8388671875
2025-07-22,Ainsdale,0.10080915178571428
2025-07-22,Hazelrigg,2.44140625e-4
2025-07-22,Wytham,1.66015625
2025-07-23,Ainsdale,0.9573102678571429
2025-07-23,Hazelrigg,0.003662109375
2025-07-23,Wytham,0.3408203125
2025-07-24,Ainsdale,0.0010881696428571431
2025-07-24,Hazelrigg,0
2025-07-24,Wytham,0.0029296875
2025-07-25,Ainsdale,0.04857700892857143
2025-07-25,Hazelrigg,0.02197265625
2025-07-25,Wytham,0
2025-07-26,Ainsdale,0.014536830357142858
2025-07-26,Hazelrigg,0.00341796875
2025-07-26,Wytham,0.2607421875
2025-07-27,Ainsdale,2.1324218750000004
2025-07-27,Hazelrigg,0.6015625
2025-07-27,Wytham,0
2025-07-28,Ainsdale,3.1388671875
2025-07-28,Hazelrigg,0.80859375
2025-07-28,Wytham,0.033203125
2025-07-29,Ainsdale,0.13657924107142858
2025-07-29,Hazelrigg,0.302978515625
2025-07-29,Wytham,0.10546875
2025-07-30,Ainsdale,2.655496651785714
2025-07-30,Hazelrigg,0.1005859375
2025-07-30,Wytham,11.71484375
2025-07-31,Ainsdale,0.041238839285714285
2025-07-31,Hazelrigg,0.198974609375
2025-07-31,Wytham,3.37890625
2025-08-01,Ainsdale,0.04969308035714286
2025-08-01,Hazelrigg,0.03173828125
2025-08-01,Wytham,1.10546875
2025-08-02,Ainsdale,2.267020089285714
2025-08-02,Hazelrigg,6.708984375
2025-08-02,Wytham,0
2025-08-03,Ainsdale,5.688113839285715
2025-08-03,Hazelrigg,17.626953125
2025-08-03,Wytham,1.3662109375
2025-08-04,Ainsdale,1.1234933035714285
2025-08-04,Hazelrigg,0.845458984375
2025-08-04,Wytham,0.8447265625
2025-08-05,Ainsdale,0.06400669642857143
2025-08-05,Hazelrigg,1.80029296875
2025-08-05,Wytham,0
2025-08-06,Ainsdale,1.4131138392857143
2025-08-06,Hazelrigg,3.834716796875
2025-08-06,Wytham,0
2025-08-07,Ainsdale,0.1676060267857143
2025-08-07,Hazelrigg,0.349853515625
2025-08-07,Wytham,0.2939453125
2025-08-08,Ainsdale,0.0026785714285714286
2025-08-08,Hazelrigg,0.117919921875
2025-08-08,Wytham,0
2025-08-09,Ainsdale,0.012053571428571429
2025-08-09,Hazelrigg,0.24365234375
2025-08-09,Wytham,0
2025-08-10,Ainsdale,0.0015066964285714286
2025-08-10,Hazelrigg,0.582763671875
2025-08-10,Wytham,9.765625e-4
2025-08-11,Ainsdale,0.20086495535714285
2025-08-11,Hazelrigg,0.027099609375
2025-08-11,Wytham,0.4189453125
2025-08-12,Ainsdale,0.0679966517857143
2025-08-12,Hazelrigg,0
2025-08-12,Wytham,0.255859375
2025-08-13,Ainsdale,0
2025-08-13,Hazelrigg,0
2025-08-13,Wytham,9.765625e-4
2025-08-14,Ainsdale,0.030357142857142853
2025-08-14,Hazelrigg,2.44140625e-4
2025-08-14,Wytham,0
2025-08-15,Ainsdale,0
2025-08-15,Hazelrigg,0
2025-08-15,Wytham,0
2025-08-16,Ainsdale,0
2025-08-16,Hazelrigg,0
2025-08-16,Wytham,0
2025-08-17,Ainsdale,0
2025-08-17,Hazelrigg,0
2025-08-17,Wytham,0
2025-08-18,Ainsdale,0
2025-08-18,Hazelrigg,0
2025-08-18,Wytham,0
2025-08-19,Ainsdale,0.0030970982142857146
2025-08-19,Hazelrigg,0
2025-08-19,Wytham,0.416015625
2025-08-20,Ainsdale,0
2025-08-20,Hazelrigg,0
2025-08-20,Wytham,9.765625e-4
2025-08-21,Ainsdale,2.790178571428572e-4
2025-08-21,Hazelrigg,0.1982421875
2025-08-21,Wytham,0
2025-08-22,Ainsdale,0
2025-08-22,Hazelrigg,0.0068359375
2025-08-22,Wytham,0
2025-08-23,Ainsdale,0
2025-08-23,Hazelrigg,9.765625e-4
2025-08-23,Wytham,0
2025-08-24,Ainsdale,0
2025-08-24,Hazelrigg,2.44140625e-4
2025-08-24,Wytham,0
2025-08-25,Ainsdale,0.8435825892857143
2025-08-25,Hazelrigg,1.9140625
2025-08-25,Wytham,0.00390625
2025-08-26,Ainsdale,0.6991350446428573
2025-08-26,Hazelrigg,0.10595703125
2025-08-26,Wytham,9.765625e-4
2025-08-27,Ainsdale,1.0118582589285716
2025-08-27,Hazelrigg,3.6904296875
2025-08-27,Wytham,2.3544921875
2025-08-28,Ainsdale,2.421568080357143
2025-08-28,Hazelrigg,8.10791015625
2025-08-28,Wytham,13.611328125
2025-08-29,Ainsdale,0.5071986607142858
2025-08-29,Hazelrigg,0.643798828125
2025-08-29,Wytham,1.4931640625
2025-08-30,Ainsdale,2.1968470982142856
2025-08-30,Hazelrigg,3.42919921875
2025-08-30,Wytham,5.4462890625
2025-08-31,Ainsdale,1.273353794642857
2025-08-31,Hazelrigg,3.032958984375
2025-08-31,Wytham,2.939453125
2025-09-01,Ainsdale,3.8490234375000005
2025-09-01,Hazelrigg,14.004150390625
2025-09-01,Wytham,2.021484375
2025-09-02,Ainsdale,5.893777901785715
2025-09-02,Hazelrigg,4.2958984375
2025-09-02,Wytham,10.6767578125
2025-09-03,Ainsdale,8.172377232142857
2025-09-03,Hazelrigg,7.4384765625
2025-09-03,Wytham,14.958984375
2025-09-04,Ainsdale,1.2229352678571428
2025-09-04,Hazelrigg,2.17626953125
2025-09-04,Wytham,0.7138671875
2025-09-05,Ainsdale,0.3013671875000001
2025-09-05,Hazelrigg,0.025390625
2025-09-05,Wytham,0
2025-09-06,Ainsdale,0.09411272321428568
2025-09-06,Hazelrigg,0.0751953125
2025-09-06,Wytham,0
2025-09-07,Ainsdale,8.864481026785715
2025-09-07,Hazelrigg,15.322998046875
2025-09-07,Wytham,0.171875
2025-09-08,Ainsdale,0.20393415178571428
2025-09-08,Hazelrigg,0.82177734375
2025-09-08,Wytham,0.0185546875
2025-09-09,Ainsdale,0.0051339285714285705
2025-09-09,Hazelrigg,0.007568359375
2025-09-09,Wytham,8.763671875
2025-09-10,Ainsdale,6.73515625
2025-09-10,Hazelrigg,13.184814453125
2025-09-10,Wytham,11.40625
2025-09-11,Ainsdale,8.338560267857144
2025-09-11,Hazelrigg,9.985595703125
2025-09-11,Wytham,11.59375
2025-09-12,Ainsdale,5.3818359375
2025-09-12,Hazelrigg,13.604248046875
2025-09-12,Wytham,2.251953125
2025-09-13,Ainsdale,6.504241071428572
2025-09-13,Hazelrigg,4.685791015625
2025-09-13,Wytham,0.1220703125
2025-09-14,Ainsdale,3.6947544642857144
2025-09-14,Hazelrigg,12.746826171875
2025-09-14,Wytham,10.0107421875
2025-09-15,Ainsdale,3.7830915178571427
2025-09-15,Hazelrigg,12.90576171875
2025-09-15,Wytham,0.2431640625
2025-09-16,Ainsdale,19.7263671875
2025-09-16,Hazelrigg,13.819580078125
2025-09-16,Wytham,1.5625
2025-09-17,Ainsdale,0.3849888392857143
2025-09-17,Hazelrigg,1.312255859375
2025-09-17,Wytham,0.0419921875
2025-09-18,Ainsdale,0.29455915178571435
2025-09-18,Hazelrigg,0.320068359375
2025-09-18,Wytham,9.765625e-4
2025-09-19,Ainsdale,9.5640625
2025-09-19,Hazelrigg,13.00341796875
2025-09-19,Wytham,9.765625e-4
2025-09-20,Ainsdale,32.0650390625
2025-09-20,Hazelrigg,37.970947265625
2025-09-20,Wytham,0.6943359375
2025-09-21,Ainsdale,0.007533482142857142
2025-09-21,Hazelrigg,0.01904296875
2025-09-21,Wytham,9.765625e-4
2025-09-22,Ainsdale,0.012667410714285713
2025-09-22,Hazelrigg,0.011962890625
2025-09-22,Wytham,9.765625e-4
2025-09-23,Ainsdale,0
2025-09-23,Hazelrigg,0.018310546875
2025-09-23,Wytham,0
2025-09-24,Ainsdale,3.348214285714287e-4
2025-09-24,Hazelrigg,0.0107421875
2025-09-24,Wytham,0.0029296875
2025-09-25,Ainsdale,0.004129464285714286
2025-09-25,Hazelrigg,0.00537109375
2025-09-25,Wytham,0
2025-09-26,Ainsdale,0
2025-09-26,Hazelrigg,0.03759765625
2025-09-26,Wytham,9.765625e-4
2025-09-27,Ainsdale,5.760379464285714
2025-09-27,Hazelrigg,7.292724609375
2025-09-27,Wytham,2.74609375
2025-09-28,Ainsdale,0.08035714285714286
2025-09-28,Hazelrigg,0.043212890625
2025-09-28,Wytham,0.03125
2025-09-29,Ainsdale,0
2025-09-29,Hazelrigg,0.052734375
2025-09-29,Wytham,0
2025-09-30,Ainsdale,6.255161830357143
2025-09-30,Hazelrigg,8.811279296875
2025-09-30,Wytham,0
