date,site,tasmax
2025-01-01,Ainsdale,7.961690848214285
2025-01-01,Hazelrigg,7.621337890625
2025-01-01,Wytham,11.095703125
2025-01-02,Ainsdale,5.353822544642857
2025-01-02,Hazelrigg,3.873291015625
2025-01-02,Wytham,3.2080078125
2025-01-03,Ainsdale,6.5505859375
2025-01-03,Hazelrigg,5.697265625
2025-01-03,Wytham,4.3291015625
2025-01-04,Ainsdale,3.653627232142857
2025-01-04,Hazelrigg,3.21337890625
2025-01-04,Wytham,4.126953125
2025-01-05,Ainsdale,3.4658761160714286
2025-01-05,Hazelrigg,3.16748046875
2025-01-05,Wytham,12.3818359375
2025-01-06,Ainsdale,5.846902901785715
2025-01-06,Hazelrigg,4.775390625
2025-01-06,Wytham,4.9501953125
2025-01-07,Ainsdale,4.897154017857143
2025-01-07,Hazelrigg,3.75732421875
2025-01-07,Wytham,4.591796875
2025-01-08,Ainsdale,1.7851283482142855
2025-01-08,Hazelrigg,-0.313232421875
2025-01-08,Wytham,1.21484375
2025-01-09,Ainsdale,4.498074776785714
2025-01-09,Hazelrigg,2.584716796875
2025-01-09,Wytham,3.205078125
2025-01-10,Ainsdale,2.950864955357143
2025-01-10,Hazelrigg,2.30029296875
2025-01-10,Wytham,-0.5380859375
2025-01-11,Ainsdale,3.1296316964285715
2025-01-11,Hazelrigg,2.556396484375
2025-01-11,Wytham,1.1064453125
2025-01-12,Ainsdale,6.110630580357143
2025-01-12,Hazelrigg,5.798828125
2025-01-12,Wytham,3.5732421875
2025-01-13,Ainsdale,9.0615234375
2025-01-13,Hazelrigg,8.81494140625
2025-01-13,Wytham,5.6259765625
2025-01-14,Ainsdale,9.625753348214285
2025-01-14,Hazelrigg,9.111328125
2025-01-14,Wytham,10.1220703125
2025-01-15,Ainsdale,10.487946428571428
2025-01-15,Hazelrigg,9.505859375
2025-01-15,Wytham,9.5634765625
2025-01-16,Ainsdale,9.903878348214286
2025-01-16,Hazelrigg,10.37158203125
2025-01-16,Wytham,6.005859375
2025-01-17,Ainsdale,9.263699776785714
2025-01-17,Hazelrigg,7.842041015625
2025-01-17,Wytham,5.9970703125
2025-01-18,Ainsdale,4.190652901785715
2025-01-18,Hazelrigg,4.689453125
2025-01-18,Wytham,0.74609375
2025-01-19,Ainsdale,3.926088169642857
2025-01-19,Hazelrigg,3.27685546875
2025-01-19,Wytham,2.208984375
2025-01-20,Ainsdale,6.332366071428571
2025-01-20,Hazelrigg,5.826171875
2025-01-20,Wytham,5.3046875
2025-01-21,Ainsdale,6.512555803571429
2025-01-21,Hazelrigg,5.587890625
2025-01-21,Wytham,5.677734375
2025-01-22,Ainsdale,5.7655412946428575
2025-01-22,Hazelrigg,5.097900390625
2025-01-22,Wytham,4.642578125
2025-01-23,Ainsdale,10.217410714285714
2025-01-23,Hazelrigg,9.371337890625
2025-01-23,Wytham,10.0146484375
2025-01-24,Ainsdale,8.547154017857142
2025-01-24,Hazelrigg,8.11328125
2025-01-24,Wytham,9.9072265625
2025-01-25,Ainsdale,7.361188616071429
2025-01-25,Hazelrigg,6.40283203125
2025-01-25,Wytham,6.859375
2025-01-26,Ainsdale,7.3186104910714285
2025-01-26,Hazelrigg,7.15283203125
2025-01-26,Wytham,8.13671875
2025-01-27,Ainsdale,8.639704241071428
2025-01-27,Hazelrigg,7.99560546875
2025-01-27,Wytham,8.2763671875
2025-01-28,Ainsdale,8.447349330357143
2025-01-28,Hazelrigg,8.186279296875
2025-01-28,Wytham,8.59375
2025-01-29,Ainsdale,8.015931919642858
2025-01-29,Hazelrigg,7.14453125
2025-01-29,Wytham,6.5634765625
2025-01-30,Ainsdale,7.58671875
2025-01-30,Hazelrigg,6.603515625
2025-01-30,Wytham,7.1298828125
2025-01-31,Ainsdale,7.9020926339285715
2025-01-31,Hazelrigg,7.503173828125
2025-01-31,Wytham,8.0341796875
2025-02-01,Ainsdale,7.6680524553571425
2025-02-01,Hazelrigg,7.00830078125
2025-02-01,Wytham,5.23046875
2025-02-02,Ainsdale,7.561049107142857
2025-02-02,Hazelrigg,6.62255859375
2025-02-02,Wytham,7.919921875
2025-02-03,Ainsdale,10.90078125
2025-02-03,Hazelrigg,9.646240234375
2025-02-03,Wytham,8.3671875
2025-02-04,Ainsdale,10.104185267857142
2025-02-04,Hazelrigg,8.468994140625
2025-02-04,Wytham,10.3564453125
2025-02-05,Ainsdale,8.267661830357143
2025-02-05,Hazelrigg,8.033203125
2025-02-05,Wytham,8.548828125
2025-02-06,Ainsdale,8.338253348214286
2025-02-06,Hazelrigg,8.3359375
2025-02-06,Wytham,6.2177734375
2025-02-07,Ainsdale,6.413504464285714
2025-02-07,Hazelrigg,5.6533203125
2025-02-07,Wytham,3.3525390625
2025-02-08,Ainsdale,5.829799107142857
2025-02-08,Hazelrigg,6.01953125
2025-02-08,Wytham,4.224609375
2025-02-09,Ainsdale,7.437918526785714
2025-02-09,Hazelrigg,6.943603515625
2025-02-09,Wytham,6.1201171875
2025-02-10,Ainsdale,5.8916852678571425
2025-02-10,Hazelrigg,4.946533203125
2025-02-10,Wytham,3.2333984375
2025-02-11,Ainsdale,5.674358258928572
2025-02-11,Hazelrigg,5.53515625
2025-02-11,Wytham,3.9560546875
2025-02-12,Ainsdale,6.238560267857143
2025-02-12,Hazelrigg,5.556396484375
2025-02-12,Wytham,4.3203125
2025-02-13,Ainsdale,4.526143973214285
2025-02-13,Hazelrigg,4.56884765625
2025-02-13,Wytham,3.439453125
2025-02-14,Ainsdale,5.253125
2025-02-14,Hazelrigg,4.811767578125
2025-02-14,Wytham,4.9716796875
2025-02-15,Ainsdale,4.851729910714286
2025-02-15,Hazelrigg,3.625
2025-02-15,Wytham,4.8662109375
2025-02-16,Ainsdale,5.4169084821428575
2025-02-16,Hazelrigg,5.15673828125
2025-02-16,Wytham,3.5498046875
2025-02-17,Ainsdale,5.621512276785714
2025-02-17,Hazelrigg,4.678955078125
2025-02-17,Wytham,5.4912109375
2025-02-18,Ainsdale,6.637360491071429
2025-02-18,Hazelrigg,5.0478515625
2025-02-18,Wytham,6.720703125
2025-02-19,Ainsdale,12.449274553571428
2025-02-19,Hazelrigg,12.199951171875
2025-02-19,Wytham,11.607421875
2025-02-20,Ainsdale,13.549051339285715
2025-02-20,Hazelrigg,13.3193359375
2025-02-20,Wytham,12.7490234375
2025-02-21,Ainsdale,14.212527901785714
2025-02-21,Hazelrigg,14.4423828125
2025-02-21,Wytham,14.2275390625
2025-02-22,Ainsdale,11.838755580357143
2025-02-22,Hazelrigg,11.297119140625
2025-02-22,Wytham,13.3798828125
2025-02-23,Ainsdale,11.182756696428571
2025-02-23,Hazelrigg,10.443603515625
2025-02-23,Wytham,10.6572265625
2025-02-24,Ainsdale,11.577427455357142
2025-02-24,Hazelrigg,10.703857421875
2025-02-24,Wytham,12.7109375
2025-02-25,Ainsdale,9.712779017857143
2025-02-25,Hazelrigg,7.920654296875
2025-02-25,Wytham,10.4345703125
2025-02-26,Ainsdale,9.066322544642857
2025-02-26,Hazelrigg,7.875732421875
2025-02-26,Wytham,8.7041015625
2025-02-27,Ainsdale,8.946149553571429
2025-02-27,Hazelrigg,8.390625
2025-02-27,Wytham,8.404296875
2025-02-28,Ainsdale,9.632756696428572
2025-02-28,Hazelrigg,8.25146484375
2025-02-28,Wytham,7.6201171875
2025-03-01,Ainsdale,9.693610491071428
2025-03-01,Hazelrigg,8.833251953125
2025-03-01,Wytham,9.611328125
2025-03-02,Ainsdale,9.237165178571429
2025-03-02,Hazelrigg,8.2314453125
2025-03-02,Wytham,10.2705078125
2025-03-03,Ainsdale,10.51015625
2025-03-03,Hazelrigg,8.194091796875
2025-03-03,Wytham,11.2255859375
2025-03-04,Ainsdale,9.637416294642858
2025-03-04,Hazelrigg,8.163818359375
2025-03-04,Wytham,12.7978515625
2025-03-05,Ainsdale,11.796512276785714
2025-03-05,Hazelrigg,11.232177734375
2025-03-05,Wytham,13.9736328125
2025-03-06,Ainsdale,16.250837053571427
2025-03-06,Hazelrigg,15.87646484375
2025-03-06,Wytham,16.4482421875
2025-03-07,Ainsdale,13.969056919642858
2025-03-07,Hazelrigg,13.737060546875
2025-03-07,Wytham,14.701171875
2025-03-08,Ainsdale,17.811104910714285
2025-03-08,Hazelrigg,16.77294921875
2025-03-08,Wytham,15.9072265625
2025-03-09,Ainsdale,17.537862723214285
2025-03-09,Hazelrigg,17.311767578125
2025-03-09,Wytham,17.849609375
2025-03-10,Ainsdale,14.143219866071428
2025-03-10,Hazelrigg,12.060546875
2025-03-10,Wytham,9.85546875
2025-03-11,Ainsdale,8.054743303571428
2025-03-11,Hazelrigg,7.164794921875
2025-03-11,Wytham,8.224609375
2025-03-12,Ainsdale,9.192103794642858
2025-03-12,Hazelrigg,8.0556640625
2025-03-12,Wytham,7.5419921875
2025-03-13,Ainsdale,8.356501116071428
2025-03-13,Hazelrigg,8.2568359375
2025-03-13,Wytham,7.5244140625
2025-03-14,Ainsdale,9.963643973214285
2025-03-14,Hazelrigg,9.744873046875
2025-03-14,Wytham,7.6953125
2025-03-15,Ainsdale,8.834626116071428
2025-03-15,Hazelrigg,10.010498046875
2025-03-15,Wytham,8.490234375
2025-03-16,Ainsdale,10.22025669642857
2025-03-16,Hazelrigg,10.036376953125
2025-03-16,Wytham,7.4091796875
2025-03-17,Ainsdale,8.02890625
2025-03-17,Hazelrigg,7.584228515625
2025-03-17,Wytham,6.724609375
2025-03-18,Ainsdale,12.292717633928572
2025-03-18,Hazelrigg,11.239013671875
2025-03-18,Wytham,11.4599609375
2025-03-19,Ainsdale,13.405133928571429
2025-03-19,Hazelrigg,13.423828125
2025-03-19,Wytham,16.08203125
2025-03-20,Ainsdale,17.259709821428572
2025-03-20,Hazelrigg,17.93798828125
2025-03-20,Wytham,19.2333984375
2025-03-21,Ainsdale,16.42357700892857
2025-03-21,Hazelrigg,14.890380859375
2025-03-21,Wytham,16.9013671875
2025-03-22,Ainsdale,17.187806919642856
2025-03-22,Hazelrigg,16.946044921875
2025-03-22,Wytham,15.3603515625
2025-03-23,Ainsdale,11.938699776785715
2025-03-23,Hazelrigg,12.54150390625
2025-03-23,Wytham,12.8212890625
2025-03-24,Ainsdale,11.100390625
2025-03-24,Hazelrigg,10.422607421875
2025-03-24,Wytham,13.140625
2025-03-25,Ainsdale,11.507533482142858
2025-03-25,Hazelrigg,12.134765625
2025-03-25,Wytham,14.5849609375
2025-03-26,Ainsdale,12.734123883928572
2025-03-26,Hazelrigg,11.553466796875
2025-03-26,Wytham,16.3125
2025-03-27,Ainsdale,14.577790178571428
2025-03-27,Hazelrigg,14.23828125
2025-03-27,Wytham,12.92578125
2025-03-28,Ainsdale,10.596707589285714
2025-03-28,Hazelrigg,9.309814453125
2025-03-28,Wytham,13.103515625
2025-03-29,Ainsdale,11.107338169642857
2025-03-29,Hazelrigg,9.966064453125
2025-03-29,Wytham,12.9912109375
2025-03-30,Ainsdale,12.089118303571428
2025-03-30,Hazelrigg,11.770751953125
2025-03-30,Wytham,15.8408203125
2025-03-31,Ainsdale,16.038113839285714
2025-03-31,Hazelrigg,14.2724609375
2025-03-31,Wytham,16.29296875
2025-04-01,Ainsdale,16.0927734375
2025-04-01,Hazelrigg,15.46337890625
2025-04-01,Wytham,14.369140625
2025-04-02,Ainsdale,16.480050223214285
2025-04-02,Hazelrigg,15.5478515625
2025-04-02,Wytham,16.310546875
2025-04-03,Ainsdale,18.039927455357144
2025-04-03,Hazelrigg,17.50146484375
2025-04-03,Wytham,18.232421875
2025-04-04,Ainsdale,18.477483258928572
2025-04-04,Hazelrigg,18.282470703125
2025-04-04,Wytham,21.1171875
2025-04-05,Ainsdale,15.68208705357143
2025-04-05,Hazelrigg,14.284912109375
2025-04-05,Wytham,17.375
2025-04-06,Ainsdale,16.0568359375
2025-04-06,Hazelrigg,15.298828125
2025-04-06,Wytham,15.904296875
2025-04-07,Ainsdale,14.818833705357143
2025-04-07,Hazelrigg,15.357421875
2025-04-07,Wytham,14.875
2025-04-08,Ainsdale,15.21919642857143
2025-04-08,Hazelrigg,15.372802734375
2025-04-08,Wytham,14.9814453125
2025-04-09,Ainsdale,14.691489955357143
2025-04-09,Hazelrigg,13.15380859375
2025-04-09,Wytham,14.4208984375
2025-04-10,Ainsdale,12.922293526785714
2025-04-10,Hazelrigg,11.7783203125
2025-04-10,Wytham,15.7890625
2025-04-11,Ainsdale,15.820200892857143
2025-04-11,Hazelrigg,16.4638671875
2025-04-11,Wytham,21.005859375
2025-04-12,Ainsdale,18.512555803571427
2025-04-12,Hazelrigg,18.76708984375
2025-04-12,Wytham,21.4052734375
2025-04-13,Ainsdale,11.796735491071429
2025-04-13,Hazelrigg,10.60107421875
2025-04-13,Wytham,14.2138671875
2025-04-14,Ainsdale,13.823381696428571
2025-04-14,Hazelrigg,13.161376953125
2025-04-14,Wytham,13.2509765625
2025-04-15,Ainsdale,11.47700892857143
2025-04-15,Hazelrigg,11.489990234375
2025-04-15,Wytham,14.1103515625
2025-04-16,Ainsdale,9.676925223214285
2025-04-16,Hazelrigg,9.13330078125
2025-04-16,Wytham,14.4150390625
2025-04-17,Ainsdale,12.960546875
2025-04-17,Hazelrigg,12.38134765625
2025-04-17,Wytham,14.974609375
2025-04-18,Ainsdale,12.662109375
2025-04-18,Hazelrigg,12.91748046875
2025-04-18,Wytham,14.279296875
2025-04-19,Ainsdale,13.825446428571428
2025-04-19,Hazelrigg,13.63623046875
2025-04-19,Wytham,16.29296875
2025-04-20,Ainsdale,15.0154296875
2025-04-20,Hazelrigg,14.9658203125
2025-04-20,Wytham,15.0068359375
2025-04-21,Ainsdale,13.468108258928572
2025-04-21,Hazelrigg,12.55810546875
2025-04-21,Wytham,15.1943359375
2025-04-22,Ainsdale,15.210184151785715
2025-04-22,Hazelrigg,14.7177734375
2025-04-22,Wytham,14.65625
2025-04-23,Ainsdale,16.539341517857142
2025-04-23,Hazelrigg,15.96630859375
2025-04-23,Wytham,13.849609375
2025-04-24,Ainsdale,15.892578125
2025-04-24,Hazelrigg,15.818115234375
2025-04-24,Wytham,14.2236328125
2025-04-25,Ainsdale,15.635658482142857
2025-04-25,Hazelrigg,14.755615234375
2025-04-25,Wytham,14.7119140625
2025-04-26,Ainsdale,15.395591517857143
2025-04-26,Hazelrigg,15.138916015625
2025-04-26,Wytham,15.9365234375
2025-04-27,Ainsdale,16.739146205357144
2025-04-27,Hazelrigg,16.006103515625
2025-04-27,Wytham,19.94921875
2025-04-28,Ainsdale,18.229966517857143
2025-04-28,Hazelrigg,18.186279296875
2025-04-28,Wytham,21.8466796875
2025-04-29,Ainsdale,22.750613839285716
2025-04-29,Hazelrigg,22.3291015625
2025-04-29,Wytham,22.58203125
2025-04-30,Ainsdale,23.500697544642858
2025-04-30,Hazelrigg,22.94140625
2025-04-30,Wytham,24.5068359375
2025-05-01,Ainsdale,20.487081473214285
2025-05-01,Hazelrigg,20.29638671875
2025-05-01,Wytham,26.88671875
2025-05-02,Ainsdale,14.536941964285715
2025-05-02,Hazelrigg,15.915771484375
2025-05-02,Wytham,21.5029296875
2025-05-03,Ainsdale,15.119447544642858
2025-05-03,Hazelrigg,16.246337890625
2025-05-03,Wytham,17.2705078125
2025-05-04,Ainsdale,14.123074776785714
2025-05-04,Hazelrigg,12.4404296875
2025-05-04,Wytham,12.779296875
2025-05-05,Ainsdale,13.916657366071428
2025-05-05,Hazelrigg,13.61572265625
2025-05-05,Wytham,13.2080078125
2025-05-06,Ainsdale,14.573744419642857
2025-05-06,Hazelrigg,14.03857421875
2025-05-06,Wytham,14.7236328125
2025-05-07,Ainsdale,15.086244419642858
2025-05-07,Hazelrigg,14.941162109375
2025-05-07,Wytham,17.373046875
2025-05-08,Ainsdale,15.558286830357142
2025-05-08,Hazelrigg,15.1796875
2025-05-08,Wytham,14.033203125
2025-05-09,Ainsdale,18.34907924107143
2025-05-09,Hazelrigg,17.161865234375
2025-05-09,Wytham,18.595703125
2025-05-10,Ainsdale,21.4095703125
2025-05-10,Hazelrigg,21.621826171875
2025-05-10,Wytham,21.0712890625
2025-05-11,Ainsdale,22.9921875
2025-05-11,Hazelrigg,23.050537109375
2025-05-11,Wytham,23.6640625
2025-05-12,Ainsdale,24.375306919642856
2025-05-12,Hazelrigg,24.824462890625
2025-05-12,Wytham,22.16015625
2025-05-13,Ainsdale,23.240206473214286
2025-05-13,Hazelrigg,22.48193359375
2025-05-13,Wytham,23.4765625
2025-05-14,Ainsdale,19.91609933035714
2025-05-14,Hazelrigg,19.304931640625
2025-05-14,Wytham,21.0751953125
2025-05-15,Ainsdale,18.1712890625
2025-05-15,Hazelrigg,19.06982421875
2025-05-15,Wytham,14.505859375
2025-05-16,Ainsdale,18.81967075892857
2025-05-16,Hazelrigg,21.60791015625
2025-05-16,Wytham,20.455078125
2025-05-17,Ainsdale,18.31283482142857
2025-05-17,Hazelrigg,19.73193359375
2025-05-17,Wytham,16.4677734375
2025-05-18,Ainsdale,19.067940848214285
2025-05-18,Hazelrigg,20.10791015625
2025-05-18,Wytham,16.73828125
2025-05-19,Ainsdale,17.794810267857144
2025-05-19,Hazelrigg,18.28759765625
2025-05-19,Wytham,18.837890625
2025-05-20,Ainsdale,18.770619419642856
2025-05-20,Hazelrigg,18.35986328125
2025-05-20,Wytham,21.0048828125
2025-05-21,Ainsdale,18.317522321428573
2025-05-21,Hazelrigg,20.18115234375
2025-05-21,Wytham,19.9091796875
2025-05-22,Ainsdale,16.708314732142856
2025-05-22,Hazelrigg,15.854248046875
2025-05-22,Wytham,15.6142578125
2025-05-23,Ainsdale,17.839369419642857
2025-05-23,Hazelrigg,17.3359375
2025-05-23,Wytham,20.6416015625
2025-05-24,Ainsdale,19.3517578125
2025-05-24,Hazelrigg,17.385009765625
2025-05-24,Wytham,19.0625
2025-05-25,Ainsdale,16.783147321428572
2025-05-25,Hazelrigg,14.9169921875
2025-05-25,Wytham,18.642578125
2025-05-26,Ainsdale,15.076255580357143
2025-05-26,Hazelrigg,13.610107421875
2025-05-26,Wytham,17.0029296875
2025-05-27,Ainsdale,14.157840401785714
2025-05-27,Hazelrigg,12.703369140625
2025-05-27,Wytham,16.361328125
2025-05-28,Ainsdale,16.633175223214284
2025-05-28,Hazelrigg,15.30322265625
2025-05-28,Wytham,20.583984375
2025-05-29,Ainsdale,17.18803013392857
2025-05-29,Hazelrigg,15.629150390625
2025-05-29,Wytham,23.408203125
2025-05-30,Ainsdale,19.521651785714287
2025-05-30,Hazelrigg,18.083251953125
2025-05-30,Wytham,23.2890625
2025-05-31,Ainsdale,19.314174107142858
2025-05-31,Hazelrigg,18.051025390625
2025-05-31,Wytham,23.3857421875
2025-06-01,Ainsdale,17.000027901785714
2025-06-01,Hazelrigg,15.3798828125
2025-06-01,Wytham,19.4677734375
2025-06-02,Ainsdale,16.767410714285713
2025-06-02,Hazelrigg,15.27197265625
2025-06-02,Wytham,19.7060546875
2025-06-03,Ainsdale,16.102064732142857
2025-06-03,Hazelrigg,14.785400390625
2025-06-03,Wytham,17.8896484375
2025-06-04,Ainsdale,16.248883928571427
2025-06-04,Hazelrigg,14.5712890625
2025-06-04,Wytham,17.5361328125
2025-06-05,Ainsdale,16.697154017857144
2025-06-05,Hazelrigg,15.741455078125
2025-06-05,Wytham,15.7373046875
2025-06-06,Ainsdale,15.529771205357143
2025-06-06,Hazelrigg,14.056884765625
2025-06-06,Wytham,18.052734375
2025-06-07,Ainsdale,13.899441964285714
2025-06-07,Hazelrigg,13.124755859375
2025-06-07,Wytham,15.517578125
2025-06-08,Ainsdale,15.335044642857143
2025-06-08,Hazelrigg,14.143798828125
2025-06-08,Wytham,17.287109375
2025-06-09,Ainsdale,15.952287946428571
2025-06-09,Hazelrigg,14.564453125
2025-06-09,Wytham,18.8955078125
2025-06-10,Ainsdale,17.1279296875
2025-06-10,Hazelrigg,17.386474609375
2025-06-10,Wytham,21.6162109375
2025-06-11,Ainsdale,24.19913504464286
2025-06-11,Hazelrigg,23.785888671875
2025-06-11,Wytham,22.263671875
2025-06-12,Ainsdale,22.505189732142856
2025-06-12,Hazelrigg,22.14501953125
2025-06-12,Wytham,22.14453125
2025-06-13,Ainsdale,20.474776785714287
2025-06-13,Hazelrigg,20.56494140625
2025-06-13,Wytham,25.8388671875
2025-06-14,Ainsdale,19.238755580357143
2025-06-14,Hazelrigg,18.8369140625
2025-06-14,Wytham,22.9306640625
2025-06-15,Ainsdale,18.051534598214285
2025-06-15,Hazelrigg,16.84521484375
2025-06-15,Wytham,22.7158203125
2025-06-16,Ainsdale,20.47505580357143
2025-06-16,Hazelrigg,19.254150390625
2025-06-16,Wytham,23.6171875
2025-06-17,Ainsdale,18.844587053571427
2025-06-17,Hazelrigg,16.062255859375
2025-06-17,Wytham,24.45703125
2025-06-18,Ainsdale,20.01261160714286
2025-06-18,Hazelrigg,19.23388671875
2025-06-18,Wytham,27.8125
2025-06-19,Ainsdale,26.757254464285715
2025-06-19,Hazelrigg,25.690185546875
2025-06-19,Wytham,29.5908203125
2025-06-20,Ainsdale,27.884654017857144
2025-06-20,Hazelrigg,27.804931640625
2025-06-20,Wytham,28.73046875
2025-06-21,Ainsdale,25.3107421875
2025-06-21,Hazelrigg,26.17138671875
2025-06-21,Wytham,29.560546875
2025-06-22,Ainsdale,19.368359375
2025-06-22,Hazelrigg,17.789794921875
2025-06-22,Wytham,22.798828125
2025-06-23,Ainsdale,18.086244419642856
2025-06-23,Hazelrigg,16.267578125
2025-06-23,Wytham,21.0419921875
2025-06-24,Ainsdale,19.147628348214287
2025-06-24,Hazelrigg,19.353515625
2025-06-24,Wytham,24.5302734375
2025-06-25,Ainsdale,20.683621651785714
2025-06-25,Hazelrigg,18.960205078125
2025-06-25,Wytham,24.759765625
2025-06-26,Ainsdale,18.437611607142856
2025-06-26,Hazelrigg,16.88916015625
2025-06-26,Wytham,22.552734375
2025-06-27,Ainsdale,20.985714285714284
2025-06-27,Hazelrigg,19.6416015625
2025-06-27,Wytham,27.029296875
2025-06-28,Ainsdale,21.137137276785715
2025-06-28,Hazelrigg,19.314453125
2025-06-28,Wytham,27.7822265625
2025-06-29,Ainsdale,22.721456473214285
2025-06-29,Hazelrigg,21.91650390625
2025-06-29,Wytham,27.96484375
2025-06-30,Ainsdale,23.588448660714285
2025-06-30,Hazelrigg,22.35693359375
2025-06-30,Wytham,31.4033203125
2025-07-01,Ainsdale,18.1294921875
2025-07-01,Hazelrigg,19.287109375
2025-07-01,Wytham,30.1142578125
2025-07-02,Ainsdale,17.78621651785714
2025-07-02,Hazelrigg,16.703369140625
2025-07-02,Wytham,23.5166015625
2025-07-03,Ainsdale,19.588895089285714
2025-07-03,Hazelrigg,18.114013671875
2025-07-03,Wytham,23.6748046875
2025-07-04,Ainsdale,19.74893973214286
2025-07-04,Hazelrigg,18.0185546875
2025-07-04,Wytham,25.6845703125
2025-07-05,Ainsdale,20.38973214285714
2025-07-05,Hazelrigg,18.593017578125
2025-07-05,Wytham,22.521484375
2025-07-06,Ainsdale,18.151060267857144
2025-07-06,Hazelrigg,17.8974609375
2025-07-06,Wytham,21.85546875
2025-07-07,Ainsdale,18.099330357142858
2025-07-07,Hazelrigg,17.470947265625
2025-07-07,Wytham,21.2587890625
2025-07-08,Ainsdale,18.08334263392857
2025-07-08,Hazelrigg,16.5966796875
2025-07-08,Wytham,24.16015625
2025-07-09,Ainsdale,20.98021763392857
2025-07-09,Hazelrigg,19.119384765625
2025-07-09,Wytham,27.017578125
2025-07-10,Ainsdale,22.64656808035714
2025-07-10,Hazelrigg,22.01123046875
2025-07-10,Wytham,30.1201171875
2025-07-11,Ainsdale,26.65678013392857
2025-07-11,Hazelrigg,25.2890625
2025-07-11,Wytham,32.18359375
2025-07-12,Ainsdale,29.686997767857143
2025-07-12,Hazelrigg,27.836669921875
2025-07-12,Wytham,30.142578125
2025-07-13,Ainsdale,26.730106026785716
2025-07-13,Hazelrigg,26.031005859375
2025-07-13,Wytham,27.7041015625
2025-07-14,Ainsdale,21.77993861607143
2025-07-14,Hazelrigg,19.534912109375
2025-07-14,Wytham,24.173828125
2025-07-15,Ainsdale,18.22622767857143
2025-07-15,Hazelrigg,17.859130859375
2025-07-15,Wytham,20.38671875
2025-07-16,Ainsdale,20.41060267857143
2025-07-16,Hazelrigg,21.524658203125
2025-07-16,Wytham,24.9755859375
2025-07-17,Ainsdale,22.09310825892857
2025-07-17,Hazelrigg,21.07177734375
2025-07-17,Wytham,25.7744140625
2025-07-18,Ainsdale,21.72904575892857
2025-07-18,Hazelrigg,20.239501953125
2025-07-18,Wytham,26.818359375
2025-07-19,Ainsdale,22.459905133928572
2025-07-19,Hazelrigg,19.859375
2025-07-19,Wytham,22.302734375
2025-07-20,Ainsdale,20.46263950892857
2025-07-20,Hazelrigg,20.399658203125
2025-07-20,Wytham,22.080078125
2025-07-21,Ainsdale,21.40962611607143
2025-07-21,Hazelrigg,20.083251953125
2025-07-21,Wytham,23.6669921875
2025-07-22,Ainsdale,18.7646484375
2025-07-22,Hazelrigg,17.89990234375
2025-07-22,Wytham,21.6083984375
2025-07-23,Ainsdale,19.994838169642858
2025-07-23,Hazelrigg,19.663330078125
2025-07-23,Wytham,20.4248046875
2025-07-24,Ainsdale,20.521121651785716
2025-07-24,Hazelrigg,20.34912109375
2025-07-24,Wytham,21.4716796875
2025-07-25,Ainsdale,21.718470982142858
2025-07-25,Hazelrigg,19.04833984375
2025-07-25,Wytham,26.5703125
2025-07-26,Ainsdale,19.95845424107143
2025-07-26,Hazelrigg,18.598876953125
2025-07-26,Wytham,24.0947265625
2025-07-27,Ainsdale,19.086969866071428
2025-07-27,Hazelrigg,17.385009765625
2025-07-27,Wytham,21.4638671875
2025-07-28,Ainsdale,19.6744140625
2025-07-28,Hazelrigg,18.0029296875
2025-07-28,Wytham,22.11328125
2025-07-29,Ainsdale,19.458175223214287
2025-07-29,Hazelrigg,18.5498046875
2025-07-29,Wytham,20.892578125
2025-07-30,Ainsdale,19.031752232142857
2025-07-30,Hazelrigg,17.681640625
2025-07-30,Wytham,25.2900390625
2025-07-31,Ainsdale,18.975809151785715
2025-07-31,Hazelrigg,19.189208984375
2025-07-31,Wytham,23.3896484375
2025-08-01,Ainsdale,19.018610491071428
2025-08-01,Hazelrigg,16.97998046875
2025-08-01,Wytham,20.3818359375
2025-08-02,Ainsdale,18.904241071428572
2025-08-02,Hazelrigg,17.56494140625
2025-08-02,Wytham,22.3515625
2025-08-03,Ainsdale,20.112862723214285
2025-08-03,Hazelrigg,19.1982421875
2025-08-03,Wytham,24.0244140625
2025-08-04,Ainsdale,19.7619140625
2025-08-04,Hazelrigg,18.27978515625
2025-08-04,Wytham,21.7080078125
2025-08-05,Ainsdale,18.498074776785714
2025-08-05,Hazelrigg,16.89892578125
2025-08-05,Wytham,20.7724609375
2025-08-06,Ainsdale,18.810825892857142
2025-08-06,Hazelrigg,17.2021484375
2025-08-06,Wytham,23.0146484375
2025-08-07,Ainsdale,20.956166294642856
2025-08-07,Hazelrigg,19.44580078125
2025-08-07,Wytham,23.6064453125
2025-08-08,Ainsdale,20.343443080357144
2025-08-08,Hazelrigg,19.33740234375
2025-08-08,Wytham,22.9775390625
2025-08-09,Ainsdale,20.05318080357143
2025-08-09,Hazelrigg,18.4970703125
2025-08-09,Wytham,23.927734375
2025-08-10,Ainsdale,21.225223214285716
2025-08-10,Hazelrigg,19.39697265625
2025-08-10,Wytham,26.4423828125
2025-08-11,Ainsdale,24.69204799107143
2025-08-11,Hazelrigg,23.822021484375
2025-08-11,Wytham,28.45703125
2025-08-12,Ainsdale,28.44966517857143
2025-08-12,Hazelrigg,27.242431640625
2025-08-12,Wytham,32.0234375
2025-08-13,Ainsdale,23.891824776785715
2025-08-13,Hazelrigg,23.81396484375
2025-08-13,Wytham,27.251953125
2025-08-14,Ainsdale,22.990457589285715
2025-08-14,Hazelrigg,21.805908203125
2025-08-14,Wytham,26.150390625
2025-08-15,Ainsdale,21.477957589285715
2025-08-15,Hazelrigg,20.511474609375
2025-08-15,Wytham,28.5654296875
2025-08-16,Ainsdale,24.022181919642858
2025-08-16,Hazelrigg,21.995361328125
2025-08-16,Wytham,21.423828125
2025-08-17,Ainsdale,24.829771205357144
2025-08-17,Hazelrigg,22.998291015625
2025-08-17,Wytham,25.6435546875
2025-08-18,Ainsdale,20.67260044642857
2025-08-18,Hazelrigg,19.677490234375
2025-08-18,Wytham,21.0986328125
2025-08-19,Ainsdale,19.31400669642857
2025-08-19,Hazelrigg,18.879150390625
2025-08-19,Wytham,23.2275390625
2025-08-20,Ainsdale,18.97017299107143
2025-08-20,Hazelrigg,17.894775390625
2025-08-20,Wytham,19.7412109375
2025-08-21,Ainsdale,18.58984375
2025-08-21,Hazelrigg,16.922607421875
2025-08-21,Wytham,19.8974609375
2025-08-22,Ainsdale,19.30477120535714
2025-08-22,Hazelrigg,17.336669921875
2025-08-22,Wytham,22.80859375
2025-08-23,Ainsdale,21.159207589285714
2025-08-23,Hazelrigg,20.407470703125
2025-08-23,Wytham,21.6357421875
2025-08-24,Ainsdale,23.73295200892857
2025-08-24,Hazelrigg,22.932861328125
2025-08-24,Wytham,24.390625
2025-08-25,Ainsdale,27.588588169642858
2025-08-25,Hazelrigg,26.097412109375
2025-08-25,Wytham,27.2890625
2025-08-26,Ainsdale,21.324832589285716
2025-08-26,Hazelrigg,19.83056640625
2025-08-26,Wytham,24.64453125
2025-08-27,Ainsdale,20.140401785714285
2025-08-27,Hazelrigg,19.287109375
2025-08-27,Wytham,21.5791015625
2025-08-28,Ainsdale,18.074720982142857
2025-08-28,Hazelrigg,18.037109375
2025-08-28,Wytham,21.2412109375
2025-08-29,Ainsdale,19.3384765625
2025-08-29,Hazelrigg,17.598388671875
2025-08-29,Wytham,20.94140625
2025-08-30,Ainsdale,19.87979910714286
2025-08-30,Hazelrigg,19.551025390625
2025-08-30,Wytham,20.068359375
2025-08-31,Ainsdale,20.25513392857143
2025-08-31,Hazelrigg,19.087158203125
2025-08-31,Wytham,19.970703125
2025-09-01,Ainsdale,19.121707589285716
2025-09-01,Hazelrigg,17.341552734375
2025-09-01,Wytham,20.021484375
2025-09-02,Ainsdale,20.0697265625
2025-09-02,Hazelrigg,18.662353515625
2025-09-02,Wytham,18.65234375
2025-09-03,Ainsdale,19.123353794642856
2025-09-03,Hazelrigg,17.191650390625
2025-09-03,Wytham,19.748046875
2025-09-04,Ainsdale,17.541629464285716
2025-09-04,Hazelrigg,16.9599609375
2025-09-04,Wytham,19.1123046875
2025-09-05,Ainsdale,19.088504464285716
2025-09-05,Hazelrigg,17.978515625
2025-09-05,Wytham,21.0458984375
2025-09-06,Ainsdale,21.706473214285715
2025-09-06,Hazelrigg,20.376220703125
2025-09-06,Wytham,22.6923828125
2025-09-07,Ainsdale,19.471819196428573
2025-09-07,Hazelrigg,19.171142578125
2025-09-07,Wytham,23.216796875
2025-09-08,Ainsdale,18.879324776785715
2025-09-08,Hazelrigg,18.062744140625
2025-09-08,Wytham,20.4248046875
2025-09-09,Ainsdale,19.896177455357144
2025-09-09,Hazelrigg,19.5869140625
2025-09-09,Wytham,20.296875
2025-09-10,Ainsdale,18.846065848214284
2025-09-10,Hazelrigg,18.53515625
2025-09-10,Wytham,17.5654296875
2025-09-11,Ainsdale,16.94522879464286
2025-09-11,Hazelrigg,15.63671875
2025-09-11,Wytham,17.2705078125
2025-09-12,Ainsdale,17.162220982142856
2025-09-12,Hazelrigg,16.00146484375
2025-09-12,Wytham,17.01953125
2025-09-13,Ainsdale,16.56372767857143
2025-09-13,Hazelrigg,15.468017578125
2025-09-13,Wytham,17.5439453125
2025-09-14,Ainsdale,15.908147321428572
2025-09-14,Hazelrigg,14.640380859375
2025-09-14,Wytham,17.27734375
2025-09-15,Ainsdale,15.6533203125
2025-09-15,Hazelrigg,14.94482421875
2025-09-15,Wytham,17.8740234375
2025-09-16,Ainsdale,16.661439732142856
2025-09-16,Hazelrigg,15.1865234375
2025-09-16,Wytham,18.267578125
2025-09-17,Ainsdale,19.62162388392857
2025-09-17,Hazelrigg,18.57763671875
2025-09-17,Wytham,19.1298828125
2025-09-18,Ainsdale,19.226618303571428
2025-09-18,Hazelrigg,18.051025390625
2025-09-18,Wytham,21.8662109375
2025-09-19,Ainsdale,19.614397321428573
2025-09-19,Hazelrigg,18.732421875
2025-09-19,Wytham,25.1708984375
2025-09-20,Ainsdale,13.839815848214286
2025-09-20,Hazelrigg,12.680419921875
2025-09-20,Wytham,18.912109375
2025-09-21,Ainsdale,14.169670758928572
2025-09-21,Hazelrigg,13.59423828125
2025-09-21,Wytham,14.7919921875
2025-09-22,Ainsdale,15.0478515625
2025-09-22,Hazelrigg,14.205322265625
2025-09-22,Wytham,15.0986328125
2025-09-23,Ainsdale,16.044419642857143
2025-09-23,Hazelrigg,14.82958984375
2025-09-23,Wytham,15.84765625
2025-09-24,Ainsdale,17.310323660714285
2025-09-24,Hazelrigg,16.275146484375
2025-09-24,Wytham,16.0849609375
2025-09-25,Ainsdale,18.394140625
2025-09-25,Hazelrigg,17.62841796875
2025-09-25,Wytham,17.767578125
2025-09-26,Ainsdale,16.739620535714284
2025-09-26,Hazelrigg,16.244140625
2025-09-26,Wytham,14.2216796875
2025-09-27,Ainsdale,15.877818080357143
2025-09-27,Hazelrigg,15.000732421875
2025-09-27,Wytham,15.0400390625
2025-09-28,Ainsdale,16.03328683035714
2025-09-28,Hazelrigg,15.55078125
2025-09-28,Wytham,17.2724609375
2025-09-29,Ainsdale,16.04679129464286
2025-09-29,Hazelrigg,14.740478515625
2025-09-29,Wytham,17.6435546875
2025-09-30,Ainsdale,18.00658482142857
2025-09-30,Hazelrigg,16.6748046875
2025-09-30,Wytham,18.8310546875
