site,x,y,date,year,month,rainfall,sun_hours,tasmin,tasmax
Raindrop_Wytham,446500,208500,2000-01-16,2000,1,22.422741655276607,81.59829910404454,1.5071098896613648,7.717238841583253
Raindrop_Wytham,446500,208500,2000-02-16,2000,2,86.09857876976022,104.23828705994006,2.943088465014571,9.499260237663245
Raindrop_Wytham,446500,208500,2000-03-16,2000,3,13.694148586147556,111.99195771051899,3.7318513625309846,11.03566407221443
Raindrop_Wytham,446500,208500,2000-04-16,2000,4,167.6355516929832,142.8144399157202,4.149622890179753,11.678892914294421
Raindrop_Wytham,446500,208500,2000-05-16,2000,5,88.51413854425047,189.46733914366604,8.079139289795092,16.60470404283541
Raindrop_Wytham,446500,208500,2000-06-16,2000,6,29.386009637641887,163.53300872470416,11.342921419511766,19.857629428424474
Raindrop_Wytham,446500,208500,2000-07-16,2000,7,28.709478560620727,161.35067509565403,11.533256554734244,20.03615908352912
Raindrop_Wytham,446500,208500,2000-08-16,2000,8,71.33941408913776,207.29770409516007,12.470525253939382,21.92153502956302
Raindrop_Wytham,446500,208500,2000-09-16,2000,9,103.33483038926396,124.94158094319181,11.479009145160886,18.70781676636716
Raindrop_Wytham,446500,208500,2000-10-16,2000,10,133.16223327280915,83.22379691509789,7.5565917250633134,13.61974974996988
Raindrop_Wytham,446500,208500,2000-11-16,2000,11,113.0121771403656,68.95857020114688,4.167515070821317,9.943364716423774
Raindrop_Wytham,446500,208500,2000-12-16,2000,12,133.52300298340964,52.05909334698058,3.6615418781745595,7.894812789227965
Raindrop_Wytham,446500,208500,2001-01-16,2001,1,66.76856551910245,82.86315225837211,0.7053602873473248,5.948370059558426
Raindrop_Wytham,446500,208500,2001-02-16,2001,2,84.46141647509394,84.94996786857652,1.4730154354387106,8.120930578387174
Raindrop_Wytham,446500,208500,2001-03-16,2001,3,81.91174814088987,74.09391395948963,2.6517919980244518,8.35142298386474
Raindrop_Wytham,446500,208500,2001-04-16,2001,4,82.20638858655363,147.51586654904122,4.284213135908214,11.878098725589147
Raindrop_Wytham,446500,208500,2001-05-16,2001,5,37.97376147227777,197.57739541092283,7.568972157861598,17.662430316506697
Raindrop_Wytham,446500,208500,2001-06-16,2001,6,19.77812808751855,225.101081344501,9.913144610760373,19.724507277552657
Raindrop_Wytham,446500,208500,2001-07-16,2001,7,79.17196940468118,204.576085200516,12.834679940791055,22.511893984927735
Raindrop_Wytham,446500,208500,2001-08-16,2001,8,111.40813267930203,182.30625634130286,12.78487686443076,21.77437307573432
Raindrop_Wytham,446500,208500,2001-09-16,2001,9,39.841259310594154,122.14224922154945,10.186815861427164,17.025869791880964
Raindrop_Wytham,446500,208500,2001-10-16,2001,10,100.82468685513588,99.72789568561171,10.732195091661936,16.326293731149804
Raindrop_Wytham,446500,208500,2001-11-16,2001,11,45.55505712938263,86.57932604265184,3.631901460946675,10.559377074536282
Raindrop_Wytham,446500,208500,2001-12-16,2001,12,27.07219198504005,79.94934541924741,0.07634725825204236,6.25233607412405
Raindrop_Wytham,446500,208500,2002-01-16,2002,1,62.16193006394292,43.83078163445653,2.8176162366579023,8.57035255269694
Raindrop_Wytham,446500,208500,2002-02-16,2002,2,74.63242964450167,79.75321005766237,3.980603962504772,10.237686796555945
Raindrop_Wytham,446500,208500,2002-03-16,2002,3,32.52799796824544,100.28704323013253,3.866580703192506,11.51280845233647
Raindrop_Wytham,446500,208500,2002-04-16,2002,4,45.88213355975404,208.86230960912016,4.679201241901427,14.379997598127561
Raindrop_Wytham,446500,208500,2002-05-16,2002,5,70.96975762105025,176.96065290159603,8.017410550017054,16.06300283944426
Raindrop_Wytham,446500,208500,2002-06-16,2002,6,39.86944372723847,162.78575956395667,10.091128433152344,18.9703349905096
Raindrop_Wytham,446500,208500,2002-07-16,2002,7,103.89790591862328,177.6091455199552,11.80555054038049,21.144067154880062
Raindrop_Wytham,446500,208500,2002-08-16,2002,8,50.016741846110776,165.12525157648892,12.747098957279531,21.90684371043844
Raindrop_Wytham,446500,208500,2002-09-16,2002,9,24.903944535734013,166.23724482930243,9.880031295399252,19.062020206648278
Raindrop_Wytham,446500,208500,2002-10-16,2002,10,145.4631392837628,103.88103205316466,6.750517481152897,14.05419364041676
Raindrop_Wytham,446500,208500,2002-11-16,2002,11,146.74064711156092,52.515217240455435,6.109798126490622,11.256180808771495
Raindrop_Wytham,446500,208500,2002-12-16,2002,12,118.9281128312505,42.00341479052343,4.171153803546208,7.909057627576032
Raindrop_Wytham,446500,208500,2003-01-16,2003,1,91.22480686085933,87.66190122990378,1.638662797227875,6.974512146632012
Raindrop_Wytham,446500,208500,2003-02-16,2003,2,17.695689452470365,93.9033918600241,0.418002292495468,7.649458954832101
Raindrop_Wytham,446500,208500,2003-03-16,2003,3,35.19100890659772,153.89827978353597,2.4867016879752497,12.561159742639598
Raindrop_Wytham,446500,208500,2003-04-16,2003,4,45.903569829359874,169.63941013892236,4.390147057391173,14.6305301920931
Raindrop_Wytham,446500,208500,2003-05-16,2003,5,61.478164223630046,190.46923173596136,7.769515491525842,16.737707769295092
Raindrop_Wytham,446500,208500,2003-06-16,2003,6,52.3601962507318,212.80360492515692,11.319118150923394,21.619876572737596
Raindrop_Wytham,446500,208500,2003-07-16,2003,7,57.38631839968467,190.0613967199686,13.065166083004724,22.746499648692932
Raindrop_Wytham,446500,208500,2003-08-16,2003,8,10.138166774476403,226.35999727342363,13.35981667521087,24.682898211657275
Raindrop_Wytham,446500,208500,2003-09-16,2003,9,20.02223433246241,173.3228044694824,8.567599958177528,20.60393550576195
Raindrop_Wytham,446500,208500,2003-10-16,2003,10,34.19924071417695,133.38025174053794,4.4986208264495,13.429110559461453
Raindrop_Wytham,446500,208500,2003-11-16,2003,11,97.82162825721628,79.12696984747097,5.400693423356689,11.309387631764949
Raindrop_Wytham,446500,208500,2003-12-16,2003,12,87.98891014486344,54.334728087414845,1.8959715216418809,7.966762203060904
Raindrop_Wytham,446500,208500,2004-01-16,2004,1,77.85849330236142,62.31071647547259,2.4604667303759675,8.112182947190176
Raindrop_Wytham,446500,208500,2004-02-16,2004,2,31.272148943263534,79.25642571650339,2.6450605219747976,8.008323040104381
Raindrop_Wytham,446500,208500,2004-03-16,2004,3,47.59846823527649,100.7066448912437,2.928773755558906,10.151362165373174
Raindrop_Wytham,446500,208500,2004-04-16,2004,4,75.63593037378136,149.32124503146088,5.4350043119216105,13.806908960644469
Raindrop_Wytham,446500,208500,2004-05-16,2004,5,41.48924907026977,194.61828562906484,7.886285172646973,17.189892310391436
Raindrop_Wytham,446500,208500,2004-06-16,2004,6,23.4471579630408,222.2973982210119,11.24505929609643,20.841889129025038
Raindrop_Wytham,446500,208500,2004-07-16,2004,7,53.625919744208936,168.33284819229237,11.646464303131733,21.221974252553892
Raindrop_Wytham,446500,208500,2004-08-16,2004,8,168.64976130795552,192.1244823850485,13.660835063367301,22.531137050982817
Raindrop_Wytham,446500,208500,2004-09-16,2004,9,36.15922369729965,173.17823121596894,11.202621212502066,19.37629903633792
Raindrop_Wytham,446500,208500,2004-10-16,2004,10,138.90649546385373,101.28711069429465,7.938978485355772,13.95796406342243
Raindrop_Wytham,446500,208500,2004-11-16,2004,11,38.60843284680035,52.46415029018182,5.20478961710015,10.236411330692764
Raindrop_Wytham,446500,208500,2004-12-16,2004,12,45.178097666033736,58.65277219269687,2.2618499451414,8.071783104910367
Raindrop_Wytham,446500,208500,2005-01-16,2005,1,21.51215267662287,64.98857124251667,3.2021712857096634,8.792046187201976
Raindrop_Wytham,446500,208500,2005-02-16,2005,2,19.554411157876437,66.26492967870011,1.6734947202250632,6.688335859510307
Raindrop_Wytham,446500,208500,2005-03-16,2005,3,56.07815778036491,78.87185418864344,3.8907672059892926,10.446315860834085
Raindrop_Wytham,446500,208500,2005-04-16,2005,4,57.92446244249088,135.84747909029554,5.1398438341371415,13.512289513876645
Raindrop_Wytham,446500,208500,2005-05-16,2005,5,38.96869096868972,225.99023219091922,7.077743256154874,16.364830690417612
Raindrop_Wytham,446500,208500,2005-06-16,2005,6,64.15434347089513,177.32035608270238,11.224628992430704,20.80558285439425
Raindrop_Wytham,446500,208500,2005-07-16,2005,7,48.53962653348121,191.81753308039117,12.802010245030786,21.63564478354963
Raindrop_Wytham,446500,208500,2005-08-16,2005,8,37.270426656459456,234.37643185360017,11.47343608570505,22.037419563928456
Raindrop_Wytham,446500,208500,2005-09-16,2005,9,40.11464369378578,154.50604485084583,11.232689649266646,20.20102209946691
Raindrop_Wytham,446500,208500,2005-10-16,2005,10,58.369366943105,90.46289540230352,10.396998636234189,16.34181496003868
Raindrop_Wytham,446500,208500,2005-11-16,2005,11,46.44246864106373,88.10976728915271,2.506217341346286,9.416363521682104
Raindrop_Wytham,446500,208500,2005-12-16,2005,12,54.184295809126205,55.948311037617664,1.2266366960296329,7.238642006171457
Raindrop_Wytham,446500,208500,2006-01-16,2006,1,15.628361217257027,54.960524198855204,1.8738847284580085,6.571949961433332
Raindrop_Wytham,446500,208500,2006-02-16,2006,2,31.337626364981173,72.99804363194366,0.7234874616561544,6.015602080597554
Raindrop_Wytham,446500,208500,2006-03-16,2006,3,75.2028920711381,94.65780010916878,1.8086858974810411,8.371019352827172
Raindrop_Wytham,446500,208500,2006-04-16,2006,4,33.268292515798436,152.41945193169252,5.00242253605786,12.993482077963325
Raindrop_Wytham,446500,208500,2006-05-16,2006,5,95.90979231748946,165.61070816718504,8.631446926069057,16.804077643942545
Raindrop_Wytham,446500,208500,2006-06-16,2006,6,5.913137694160808,245.2362625256661,11.115618255721348,22.123251268425978
Raindrop_Wytham,446500,208500,2006-07-16,2006,7,92.20206614405984,302.11586989229056,14.469238136470507,26.334484088327407
Raindrop_Wytham,446500,208500,2006-08-16,2006,8,75.36624554153916,166.362946531664,12.700571777864383,20.872260679823135
Raindrop_Wytham,446500,208500,2006-09-16,2006,9,114.84160211609131,155.28972481602662,13.152872806253729,21.315923565000766
Raindrop_Wytham,446500,208500,2006-10-16,2006,10,103.70239672134984,107.61233476758929,10.11760766997989,16.446735022685647
Raindrop_Wytham,446500,208500,2006-11-16,2006,11,102.58374800422045,101.17483914167568,4.474483892151176,11.537056245199597
Raindrop_Wytham,446500,208500,2006-12-16,2006,12,82.71960934944133,42.98796205518419,4.006317911614419,8.857962328866158
Raindrop_Wytham,446500,208500,2007-01-16,2007,1,83.82875377105802,79.31966912982331,4.3976437617891495,9.738650963848563
Raindrop_Wytham,446500,208500,2007-02-16,2007,2,81.00210522883177,67.42808803951927,3.10771645131931,9.00468773340838
Raindrop_Wytham,446500,208500,2007-03-16,2007,3,48.72235987442586,163.93113958687042,3.0643334869573247,11.252815684558213
Raindrop_Wytham,446500,208500,2007-04-16,2007,4,1.9904089108923952,210.42776612557125,5.711306246047693,17.090812087302123
Raindrop_Wytham,446500,208500,2007-05-16,2007,5,140.7919302569595,165.44409320247502,7.79353941351348,16.601494272593843
Raindrop_Wytham,446500,208500,2007-06-16,2007,6,80.32581293808423,148.2811529019734,11.29959278518432,19.75119756106488
Raindrop_Wytham,446500,208500,2007-07-16,2007,7,144.1173518918285,194.30656054683664,11.909776003109279,19.713536301296703
Raindrop_Wytham,446500,208500,2007-08-16,2007,8,45.10155660963073,208.14603886299267,11.377869200240312,20.70665430384986
Raindrop_Wytham,446500,208500,2007-09-16,2007,9,21.44582223185879,141.84274107235467,9.971072340520282,18.391066481185813
Raindrop_Wytham,446500,208500,2007-10-16,2007,10,90.49235346306192,101.90939429536371,7.277829392353992,14.447253155598808
Raindrop_Wytham,446500,208500,2007-11-16,2007,11,68.10198978986735,86.6813057725254,3.7414857051695667,10.604751771521636
Raindrop_Wytham,446500,208500,2007-12-16,2007,12,72.5633499585914,57.344933864811296,2.0496489423183455,7.773203981118546
Raindrop_Wytham,446500,208500,2008-01-16,2008,1,101.57038829745441,62.031339283465904,4.04817374989274,9.653552868638982
Raindrop_Wytham,446500,208500,2008-02-16,2008,2,21.208350892588317,123.18291679942449,0.8853848815663309,9.74674102442739
Raindrop_Wytham,446500,208500,2008-03-16,2008,3,84.65763845297975,114.62719270426916,2.9341422399631085,9.773517858348194
Raindrop_Wytham,446500,208500,2008-04-16,2008,4,52.2807849356556,160.94324824255227,4.099130745672964,12.585390977827036
Raindrop_Wytham,446500,208500,2008-05-16,2008,5,107.31529666566934,172.32311128662113,9.129360714479134,18.20745910741956
Raindrop_Wytham,446500,208500,2008-06-16,2008,6,75.56745416768898,222.98652199805898,10.407151225683881,19.1714666654829
Raindrop_Wytham,446500,208500,2008-07-16,2008,7,127.67509196324089,196.95791995182796,12.22858506837433,21.224804424184644
Raindrop_Wytham,446500,208500,2008-08-16,2008,8,95.12915002851219,139.82333439251408,13.396892303714592,19.990038980682286
Raindrop_Wytham,446500,208500,2008-09-16,2008,9,81.99283779379847,114.49953291047535,9.879642988746257,17.295816644090518
Raindrop_Wytham,446500,208500,2008-10-16,2008,10,40.82886570175977,130.9345605488905,5.627766582916891,13.862626939228653
Raindrop_Wytham,446500,208500,2008-11-16,2008,11,91.81057425330069,67.14017299124336,4.500239564673347,9.605785099498535
Raindrop_Wytham,446500,208500,2008-12-16,2008,12,36.912710034945825,73.98678401200443,0.9987570642724031,6.265896052069682
Raindrop_Wytham,446500,208500,2009-01-16,2009,1,50.61015282473119,68.76815329043941,-0.321285445908267,5.7856968017098165
Raindrop_Wytham,446500,208500,2009-02-16,2009,2,59.364279220985175,63.907892713857414,1.367617833629346,6.877424766653353
Raindrop_Wytham,446500,208500,2009-03-16,2009,3,18.64471132054305,159.9250212982805,2.63619518209796,11.643111989466645
Raindrop_Wytham,446500,208500,2009-04-16,2009,4,42.23999524281803,167.99859906866357,5.583930030331024,14.772857696157422
Raindrop_Wytham,446500,208500,2009-05-16,2009,5,55.52483839343713,224.6540968441486,7.885510542267753,17.315458030236883
Raindrop_Wytham,446500,208500,2009-06-16,2009,6,67.33334550614066,202.17124825195296,10.152621734724601,20.631583863391022
Raindrop_Wytham,446500,208500,2009-07-16,2009,7,92.42559216125545,209.9834778525038,12.57039830282529,21.09434349415241
Raindrop_Wytham,446500,208500,2009-08-16,2009,8,54.69157896213412,188.5930494432418,12.817824014161358,21.499271839101453
Raindrop_Wytham,446500,208500,2009-09-16,2009,9,11.094992139460254,162.2789353164666,10.344007880611816,18.973955256726455
Raindrop_Wytham,446500,208500,2009-10-16,2009,10,53.00530065692976,108.34518662550839,7.981601923809958,15.2385156715913
Raindrop_Wytham,446500,208500,2009-11-16,2009,11,116.65409712042313,73.34060040871987,6.498204552097742,11.43156068991019
Raindrop_Wytham,446500,208500,2009-12-16,2009,12,80.64244096575466,61.8439325626149,0.3322255534832741,5.882670570208074
Raindrop_Wytham,446500,208500,2010-01-16,2010,1,66.871647731,59.31245093716556,-1.1647188321137656,3.7208437427619687
Raindrop_Wytham,446500,208500,2010-02-16,2010,2,65.63647836606653,59.27281617928064,0.7972123519822271,6.031776234306926
Raindrop_Wytham,446500,208500,2010-03-16,2010,3,53.75412584127302,129.1902674153374,2.5235979220142384,10.199789295051923
Raindrop_Wytham,446500,208500,2010-04-16,2010,4,22.111597950934872,208.62302987390802,4.141252306020071,14.617539083226742
Raindrop_Wytham,446500,208500,2010-05-16,2010,5,35.93575190890747,206.76573259936154,6.541830582153125,16.33388479452252
Raindrop_Wytham,446500,208500,2010-06-16,2010,6,39.790174305501196,230.3905167847039,10.355783654264147,21.66017801662376
Raindrop_Wytham,446500,208500,2010-07-16,2010,7,13.349067852096011,178.7439646207036,13.544999146195073,22.867965006399896
Raindrop_Wytham,446500,208500,2010-08-16,2010,8,144.89505211516908,141.24695042623247,11.79025879394994,20.20829823345335
Raindrop_Wytham,446500,208500,2010-09-16,2010,9,50.00384842154836,122.75333056527043,9.960574606253966,17.979420385419644
Raindrop_Wytham,446500,208500,2010-10-16,2010,10,47.47332196241938,122.49479190427773,6.963215852114501,13.932939186421127
Raindrop_Wytham,446500,208500,2010-11-16,2010,11,46.22346416210975,54.052892116991714,2.6355180142930994,7.802999729951234
Raindrop_Wytham,446500,208500,2010-12-16,2010,12,33.69877318727986,31.153889932385017,-3.102907443941246,2.319495961563634
Raindrop_Wytham,446500,208500,2011-01-16,2011,1,67.51652942587152,49.34029018631084,1.5236544372618601,6.333860895226743
Raindrop_Wytham,446500,208500,2011-02-16,2011,2,53.18987722600219,34.37878360180291,3.94120146021758,9.25238414065026
Raindrop_Wytham,446500,208500,2011-03-16,2011,3,11.347949418078468,140.68463022568935,2.80581278655511,11.447067105420711
Raindrop_Wytham,446500,208500,2011-04-16,2011,4,1.6089441403252884,210.5131421019329,6.717440778633783,18.15726717098008
Raindrop_Wytham,446500,208500,2011-05-16,2011,5,49.4229923250255,207.1344018190036,7.9125676392971425,17.703814818793422
Raindrop_Wytham,446500,208500,2011-06-16,2011,6,46.67777857635833,187.18758343520125,9.573126914761493,19.065958621282988
Raindrop_Wytham,446500,208500,2011-07-16,2011,7,45.453230607470175,173.23696661992292,10.603466095301142,20.74100681390761
Raindrop_Wytham,446500,208500,2011-08-16,2011,8,77.88065542209468,156.28898927105868,11.642839676773987,20.262967894582776
Raindrop_Wytham,446500,208500,2011-09-16,2011,9,33.53310359913583,149.9271767067718,11.144770390326773,19.784662655514982
Raindrop_Wytham,446500,208500,2011-10-16,2011,10,32.98247286025355,132.75357146577744,8.545890449177366,16.834041575882075
Raindrop_Wytham,446500,208500,2011-11-16,2011,11,30.844341692615053,54.817819988959975,6.534373322291488,12.530850262596763
Raindrop_Wytham,446500,208500,2011-12-16,2011,12,79.71297497803864,65.65200646469793,3.0337001509758084,8.911790887318752
Raindrop_Wytham,446500,208500,2012-01-16,2012,1,36.73244390052454,84.97306102614606,2.743336207566946,8.936289274400309
Raindrop_Wytham,446500,208500,2012-02-16,2012,2,25.591371959145327,70.9683196056357,0.5815589471395606,6.805378513075283
Raindrop_Wytham,446500,208500,2012-03-16,2012,3,24.754349482234794,162.92496150434144,3.102273050801874,13.203120804313855
Raindrop_Wytham,446500,208500,2012-04-16,2012,4,151.10379969215657,132.76283269539172,3.6674954342981607,11.694730063981275
Raindrop_Wytham,446500,208500,2012-05-16,2012,5,42.54524304567573,190.01637774201626,8.423354038010357,16.84020089410062
Raindrop_Wytham,446500,208500,2012-06-16,2012,6,149.29124339109626,124.9361301605021,10.734447903366638,17.73451765749996
Raindrop_Wytham,446500,208500,2012-07-16,2012,7,100.52352362423329,179.74386841144195,12.081587366079088,20.074326245530777
Raindrop_Wytham,446500,208500,2012-08-16,2012,8,85.59418438081573,162.6220633614511,13.020379128328742,21.242293103309198
Raindrop_Wytham,446500,208500,2012-09-16,2012,9,66.10236528122752,171.594322885421,8.778192068677996,17.9695045365275
Raindrop_Wytham,446500,208500,2012-10-16,2012,10,121.97112455660995,84.9009791923667,6.747433593158816,12.781300806950556
Raindrop_Wytham,446500,208500,2012-11-16,2012,11,107.07850526245983,73.8804126929534,3.7235377116833233,9.520937163741275
Raindrop_Wytham,446500,208500,2012-12-16,2012,12,119.02896298199158,62.05207941352706,2.0493933745322956,7.945316818297396
Raindrop_Wytham,446500,208500,2013-01-16,2013,1,73.13147720453401,47.66021321641762,1.4135603265706282,5.6861744025570395
Raindrop_Wytham,446500,208500,2013-02-16,2013,2,52.46156153680241,71.98615311060038,0.40335586193838574,5.573021113387083
Raindrop_Wytham,446500,208500,2013-03-16,2013,3,83.3077709827488,61.02027300274873,-0.03938561181207101,5.593275784161106
Raindrop_Wytham,446500,208500,2013-04-16,2013,4,27.766806206667074,176.1504829242901,3.432238122304253,12.123445417206494
Raindrop_Wytham,446500,208500,2013-05-16,2013,5,65.41861031676974,192.87674527557994,6.225892400909388,15.159871332473486
Raindrop_Wytham,446500,208500,2013-06-16,2013,6,18.694836033592644,180.81743340801148,9.791930973124527,18.50192251468388
Raindrop_Wytham,446500,208500,2013-07-16,2013,7,43.8721735162186,296.10286956311904,13.25507336281584,24.909638385953713
Raindrop_Wytham,446500,208500,2013-08-16,2013,8,23.80845093425624,203.14494239260083,12.757885155565365,22.299770579964626
Raindrop_Wytham,446500,208500,2013-09-16,2013,9,50.731406654356334,121.72477666420363,9.813060577000922,18.40044304639976
Raindrop_Wytham,446500,208500,2013-10-16,2013,10,103.57832622610675,100.09567623540008,9.744373451564611,15.578999873866334
Raindrop_Wytham,446500,208500,2013-11-16,2013,11,60.83150661207404,85.67544793779388,3.417842326855719,9.242069009057392
Raindrop_Wytham,446500,208500,2013-12-16,2013,12,106.58727395883228,63.57602365506592,2.9912938739911117,9.429889267739396
Raindrop_Wytham,446500,208500,2014-01-16,2014,1,162.8168153050102,76.75235588711831,2.8517856356186124,8.741159205107746
Raindrop_Wytham,446500,208500,2014-02-16,2014,2,109.28266737560017,96.3088849600997,3.6595385882270453,9.03372660206916
Raindrop_Wytham,446500,208500,2014-03-16,2014,3,39.77034203046892,133.8533829103286,3.1860410574030946,12.242425653977023
Raindrop_Wytham,446500,208500,2014-04-16,2014,4,63.20961130873821,148.4449620257302,6.027032310970801,14.451352393497972
Raindrop_Wytham,446500,208500,2014-05-16,2014,5,97.49745429170649,184.03403173912866,8.48027408645524,16.610103576076455
Raindrop_Wytham,446500,208500,2014-06-16,2014,6,32.507925981505934,234.98576313377578,11.078251505596917,20.57948682053322
Raindrop_Wytham,446500,208500,2014-07-16,2014,7,47.32860133069084,263.2223386701916,12.957496606593093,24.03519005715781
Raindrop_Wytham,446500,208500,2014-08-16,2014,8,99.94471417079185,188.3794069283493,11.136249503947752,19.89221056053384
Raindrop_Wytham,446500,208500,2014-09-16,2014,9,4.575956529161207,142.55542691904105,10.932230614491376,20.31719258336125
Raindrop_Wytham,446500,208500,2014-10-16,2014,10,77.24115631070086,114.60509519751247,9.632737823617758,15.9557519676255
Raindrop_Wytham,446500,208500,2014-11-16,2014,11,100.42171842989443,60.90775572581482,5.6045083804781655,11.098197149990575
Raindrop_Wytham,446500,208500,2014-12-16,2014,12,50.04631170667715,96.81942776160473,2.083295150429156,8.224152949838029
Raindrop_Wytham,446500,208500,2015-01-16,2015,1,65.47740010317393,80.61868044781981,1.2693939698398968,7.838038611768373
Raindrop_Wytham,446500,208500,2015-02-16,2015,2,52.04628348355218,80.24862501485288,0.7314615165186473,6.854883763124522
Raindrop_Wytham,446500,208500,2015-03-16,2015,3,30.372884056396828,121.70318330591087,2.995323992749083,10.499842202956613
Raindrop_Wytham,446500,208500,2015-04-16,2015,4,24.370419160539413,213.5142209000661,4.266326227636629,14.998523249828963
Raindrop_Wytham,446500,208500,2015-05-16,2015,5,58.11114395361003,182.19666923861453,7.269990551063166,15.771173439475888
Raindrop_Wytham,446500,208500,2015-06-16,2015,6,30.850447835544706,241.2222808351066,9.627660552630012,20.080828389226475
Raindrop_Wytham,446500,208500,2015-07-16,2015,7,60.6565745300359,199.05485322219909,11.881796405177191,21.626822622869213
Raindrop_Wytham,446500,208500,2015-08-16,2015,8,61.21739646324424,134.5307437658156,12.376592903089058,20.46316442184569
Raindrop_Wytham,446500,208500,2015-09-16,2015,9,43.65945978063525,163.30988185375878,8.44571569627154,17.52749574614427
Raindrop_Wytham,446500,208500,2015-10-16,2015,10,55.72736103593935,83.27630174384888,7.587424481651983,14.508921792821491
Raindrop_Wytham,446500,208500,2015-11-16,2015,11,80.43277606094819,33.722252278909494,6.9839520432509286,12.391680005016541
Raindrop_Wytham,446500,208500,2015-12-16,2015,12,72.97504234217963,38.33537352340543,7.9564698565558505,12.605677299845137
Raindrop_Wytham,446500,208500,2016-01-16,2016,1,96.7829729429833,58.61200521853292,2.4495842395438765,8.633735507542125
Raindrop_Wytham,446500,208500,2016-02-16,2016,2,55.6589265247412,111.99651864489364,2.009721103097392,8.34593382487729
Raindrop_Wytham,446500,208500,2016-03-16,2016,3,81.73608781369137,122.80478826287475,1.718424714086531,9.439104852424173
Raindrop_Wytham,446500,208500,2016-04-16,2016,4,55.79382657691845,163.18374663791545,3.5450760311197302,12.1694991997874
Raindrop_Wytham,446500,208500,2016-05-16,2016,5,79.53567632188057,202.1829966022647,8.203132307983669,17.56304898180941
Raindrop_Wytham,446500,208500,2016-06-16,2016,6,86.76910115333541,100.2435820801924,11.617247689017233,19.378023126533307
Raindrop_Wytham,446500,208500,2016-07-16,2016,7,6.641040512447221,224.5422217156782,13.032495006986878,22.317257178122084
Raindrop_Wytham,446500,208500,2016-08-16,2016,8,46.38836960387516,202.48304555928462,13.041956522836468,22.590529608838263
Raindrop_Wytham,446500,208500,2016-09-16,2016,9,50.085371081815225,112.67657309111718,12.588028357864273,20.21968779307379
Raindrop_Wytham,446500,208500,2016-10-16,2016,10,21.019548839841313,111.04908060010331,7.0717833345481695,14.430309522689473
Raindrop_Wytham,446500,208500,2016-11-16,2016,11,91.64149613683551,88.34418025167056,2.8147292597262217,8.93444934473289
Raindrop_Wytham,446500,208500,2016-12-16,2016,12,30.029710940440676,62.17468499591775,2.558883809425131,9.015004603363279
Raindrop_Wytham,446500,208500,2017-01-16,2017,1,72.46910332595766,64.01671701545628,0.4888862940400387,6.796177522205572
Raindrop_Wytham,446500,208500,2017-02-16,2017,2,37.02532340891255,57.68499436266207,3.6809568798315073,8.733827584059064
Raindrop_Wytham,446500,208500,2017-03-16,2017,3,45.32304789873969,114.16045417409413,5.3341669084535255,12.794236309732975
Raindrop_Wytham,446500,208500,2017-04-16,2017,4,7.350369630464424,174.09289148585768,4.201222097858849,14.200365997808792
Raindrop_Wytham,446500,208500,2017-05-16,2017,5,82.30280820309565,169.37580334372942,9.109704119288656,18.18300520106805
Raindrop_Wytham,446500,208500,2017-06-16,2017,6,36.97219250098884,211.35460901473343,12.338875707724565,21.562858690023393
Raindrop_Wytham,446500,208500,2017-07-16,2017,7,82.49221680538403,177.97404836838226,13.312887796037792,22.257000141656878
Raindrop_Wytham,446500,208500,2017-08-16,2017,8,70.44262031445007,174.3622480698799,11.977362587489205,20.453314422946214
Raindrop_Wytham,446500,208500,2017-09-16,2017,9,84.21713471554601,118.56072848439798,10.04054719781331,17.73917162000265
Raindrop_Wytham,446500,208500,2017-10-16,2017,10,17.77375378042813,96.23294268022055,9.350197646092784,15.660849441588015
Raindrop_Wytham,446500,208500,2017-11-16,2017,11,58.67260141570308,99.60639612961663,3.418089770917438,10.123045215204579
Raindrop_Wytham,446500,208500,2017-12-16,2017,12,97.01444351297485,55.68073731389293,2.1770396467967075,7.7094155558596045
Raindrop_Wytham,446500,208500,2018-01-16,2018,1,68.58098820051698,67.22359842044656,2.715491293067476,8.45040500736613
Raindrop_Wytham,446500,208500,2018-02-16,2018,2,25.27719598313652,116.79883445948941,-0.2522356264296608,5.808744504869772
Raindrop_Wytham,446500,208500,2018-03-16,2018,3,104.82644801568301,78.41417155892175,2.0136147820870853,8.400443252583123
Raindrop_Wytham,446500,208500,2018-04-16,2018,4,58.74060293274886,120.83796391151556,7.057531602504841,13.582241311338809
Raindrop_Wytham,446500,208500,2018-05-16,2018,5,105.71126847787802,233.5619038737522,8.212398709512728,19.156114491866486
Raindrop_Wytham,446500,208500,2018-06-16,2018,6,2.0926122075368134,251.3147954670822,11.260597564728092,22.045687429526247
Raindrop_Wytham,446500,208500,2018-07-16,2018,7,22.68308134361733,279.7902503580403,13.78133547200315,26.58393736545861
Raindrop_Wytham,446500,208500,2018-08-16,2018,8,49.30035020213289,196.34885375425284,12.63779909101714,22.45937840676758
Raindrop_Wytham,446500,208500,2018-09-16,2018,9,28.772304420253967,168.0256548114936,9.590705529285383,19.24637020490378
Raindrop_Wytham,446500,208500,2018-10-16,2018,10,58.38182823686419,115.90635902229327,6.780807361960186,14.880123292242846
Raindrop_Wytham,446500,208500,2018-11-16,2018,11,63.781966326250384,82.36853326840037,5.22941639149486,11.0655923171981
Raindrop_Wytham,446500,208500,2018-12-16,2018,12,83.25722809254704,53.62874883106224,4.451086149287898,9.641885336804483
Raindrop_Wytham,446500,208500,2019-01-16,2019,1,30.232728503455878,49.781960512241106,0.8662893918649619,6.592664723503329
Raindrop_Wytham,446500,208500,2019-02-16,2019,2,38.6198231629748,126.69309511566716,1.9391098604735595,11.21608846735452
Raindrop_Wytham,446500,208500,2019-03-16,2019,3,41.96418091295593,126.95239509277944,4.757059628164866,11.827521356611477
Raindrop_Wytham,446500,208500,2019-04-16,2019,4,25.979065820170486,158.12027280263084,4.092520690240777,14.249286235170892
Raindrop_Wytham,446500,208500,2019-05-16,2019,5,26.774947576349266,202.8398739642203,6.584193733873726,17.049081224464544
Raindrop_Wytham,446500,208500,2019-06-16,2019,6,97.9227157387563,164.47590272045193,10.436712007171526,19.399166857356455
Raindrop_Wytham,446500,208500,2019-07-16,2019,7,46.34042999800897,211.1811138481353,13.169032783307655,23.453707252028927
Raindrop_Wytham,446500,208500,2019-08-16,2019,8,61.88797604748085,213.31380410636078,12.783741965715242,22.749807603631872
Raindrop_Wytham,446500,208500,2019-09-16,2019,9,90.74985693644659,175.23495227394608,10.144290778693174,19.546592253090015
Raindrop_Wytham,446500,208500,2019-10-16,2019,10,131.1155803541967,83.13770192081961,7.085382175189035,13.777495263570131
Raindrop_Wytham,446500,208500,2019-11-16,2019,11,121.03265074864561,55.1654275031631,3.729040825261168,8.93546541830249
Raindrop_Wytham,446500,208500,2019-12-16,2019,12,99.96748234738564,72.53591178984743,3.161213172034773,8.817396115078427
Raindrop_Wytham,446500,208500,2020-01-16,2020,1,62.10145773164054,70.8020498459775,4.115451116434469,8.986780239609182
Raindrop_Wytham,446500,208500,2020-02-16,2020,2,109.67239734691897,87.85011423418472,3.4202012002000837,9.827715395574756
Raindrop_Wytham,446500,208500,2020-03-16,2020,3,41.49153915106186,157.151091438521,2.733869610856642,10.715381982818682
Raindrop_Wytham,446500,208500,2020-04-16,2020,4,44.12275915693096,231.76254582199803,5.156542487045286,16.809743302001234
Raindrop_Wytham,446500,208500,2020-05-16,2020,5,2.790554062288274,321.62430947328994,7.136861450180589,19.372705939000195
Raindrop_Wytham,446500,208500,2020-06-16,2020,6,67.92791654229605,204.0615554414091,11.212836394141553,20.686727060134544
Raindrop_Wytham,446500,208500,2020-07-16,2020,7,65.5853757861074,199.68123212734224,12.168875890861296,21.478786732941995
Raindrop_Wytham,446500,208500,2020-08-16,2020,8,114.49793415528687,170.15341338258042,14.035882103630225,22.864076829986193
Raindrop_Wytham,446500,208500,2020-09-16,2020,9,24.326959236335387,173.70120404706705,9.784321019072147,19.44148336643925
Raindrop_Wytham,446500,208500,2020-10-16,2020,10,190.02451913169813,71.81550755070238,7.913543719124515,13.660370132596565
Raindrop_Wytham,446500,208500,2020-11-16,2020,11,40.922179758542164,62.40954579451248,5.561475215161063,11.426063526707186
Raindrop_Wytham,446500,208500,2020-12-16,2020,12,102.32566819322417,60.86267933641778,2.664340730329847,7.480049894844815
Raindrop_Wytham,446500,208500,2021-01-16,2021,1,113.95163020330347,41.58052649322149,0.9010410662250239,6.0668807590407665
Raindrop_Wytham,446500,208500,2021-02-16,2021,2,55.26389349541221,73.28752871493732,2.1454292946314397,8.35102615302405
Raindrop_Wytham,446500,208500,2021-03-16,2021,3,29.998658477503167,104.86350745299855,3.469691074283386,10.912676746570067
Raindrop_Wytham,446500,208500,2021-04-16,2021,4,42.03886258453919,213.12167318955292,1.1887891582349792,11.809546411277893
Raindrop_Wytham,446500,208500,2021-05-16,2021,5,102.15332291889078,158.76632382629546,6.239608894200207,14.935015226585529
Raindrop_Wytham,446500,208500,2021-06-16,2021,6,65.71260163125439,180.85633212297202,11.806534702872652,20.59521670486023
Raindrop_Wytham,446500,208500,2021-07-16,2021,7,63.17914901439492,209.873195127332,13.80304443482164,23.033462745889338
Raindrop_Wytham,446500,208500,2021-08-16,2021,8,55.46799969455128,142.06047662667316,12.582426283926042,20.204165360325952
Raindrop_Wytham,446500,208500,2021-09-16,2021,9,57.8949902532265,147.58261461582345,11.782902053653993,20.888061700479707
Raindrop_Wytham,446500,208500,2021-10-16,2021,10,97.99548608418088,103.09586600624039,9.27214811058205,15.504860474591075
Raindrop_Wytham,446500,208500,2021-11-16,2021,11,17.765038767388717,72.754747437402,3.980384499413986,10.335959900545864
Raindrop_Wytham,446500,208500,2021-12-16,2021,12,77.9580505453336,33.66734288120776,4.583036115431147,9.152169716673125
Raindrop_Wytham,446500,208500,2022-01-16,2022,1,20.492991521778446,85.56960711632577,1.0688091085842657,7.902332478563037
Raindrop_Wytham,446500,208500,2022-02-16,2022,2,66.31398111483479,97.94930755895015,3.61600537168062,10.41046946755551
Raindrop_Wytham,446500,208500,2022-03-16,2022,3,45.70712835351972,152.94764799953137,3.657442338172446,12.054305094022896
Raindrop_Wytham,446500,208500,2022-04-16,2022,4,15.329650688593889,181.78958132466246,4.318079732347178,14.472555441795372
Raindrop_Wytham,446500,208500,2022-05-16,2022,5,45.91807978105001,200.1515560777775,9.045041019892347,18.16292609288575
Raindrop_Wytham,446500,208500,2022-06-16,2022,6,47.505670696421255,254.62810108849374,10.35135438671639,20.882046544902202
Raindrop_Wytham,446500,208500,2022-07-16,2022,7,6.695952671093951,227.02673939225264,13.255624627945501,25.008384530305825
Raindrop_Wytham,446500,208500,2022-08-16,2022,8,8.015040562680541,245.46044354153355,13.691701158003895,25.378674187670537
Raindrop_Wytham,446500,208500,2022-09-16,2022,9,66.23218208225238,127.59423589137475,10.638765179571259,19.167969948707334
Raindrop_Wytham,446500,208500,2022-10-16,2022,10,106.36207837562964,157.52543762580115,9.393277689220056,17.110880329172737
Raindrop_Wytham,446500,208500,2022-11-16,2022,11,120.89730396522133,84.47092950972423,6.919911687303282,12.063730208326529
Raindrop_Wytham,446500,208500,2022-12-16,2022,12,70.9170776549367,61.63141407534889,0.41767643944822774,6.656292129735337
Raindrop_Wytham,446500,208500,2023-01-16,2023,1,62.80707967943079,90.90830263497575,1.9182986095016072,8.058038263222938
Raindrop_Wytham,446500,208500,2023-02-16,2023,2,8.385689016777148,90.10856127771176,2.4410530677890394,9.834983049671905
Raindrop_Wytham,446500,208500,2023-03-16,2023,3,142.3415115809336,71.4967997721985,4.300289953630317,10.260093616490357
Raindrop_Wytham,446500,208500,2023-04-16,2023,4,65.8179112661465,156.43202736993035,4.569438495275335,13.017563885473704
Raindrop_Wytham,446500,208500,2023-05-16,2023,5,49.59310820420362,228.3859644877213,7.919258875899933,17.54694209101735
Raindrop_Wytham,446500,208500,2023-06-16,2023,6,48.79692852106107,241.55304528811462,11.834768008703044,23.15944565191791
Raindrop_Wytham,446500,208500,2023-07-16,2023,7,114.15015012789196,182.211501269008,12.517729732976651,20.650994017201082
Raindrop_Wytham,446500,208500,2023-08-16,2023,8,65.1148762416949,193.59557951087243,12.49988315411169,21.174013512216828
Raindrop_Wytham,446500,208500,2023-09-16,2023,9,67.22542146662293,153.1745243879982,12.889547831200723,21.98406372520124
Raindrop_Wytham,446500,208500,2023-10-16,2023,10,144.22551493655064,106.4252856185207,9.206903860190227,16.41259938397915
Raindrop_Wytham,446500,208500,2023-11-16,2023,11,85.0388887379726,82.37202509834667,4.509860492301861,10.573567940663944
Raindrop_Wytham,446500,208500,2023-12-16,2023,12,130.43661921214056,23.333907116657862,5.057586474400392,9.748786555813288
Raindrop_Wytham,446500,208500,2024-01-16,2024,1,80.0712890625,70.271484375,1.99609375,7.53515625
Raindrop_Wytham,446500,208500,2024-02-16,2024,2,149.630859375,57.8505859375,5.2001953125,10.947265625
Raindrop_Wytham,446500,208500,2024-03-16,2024,3,96.7470703125,106.4013671875,5.037109375,11.7626953125
Raindrop_Wytham,446500,208500,2024-04-16,2024,4,71.513671875,136.8310546875,6.1201171875,13.591796875
Raindrop_Wytham,446500,208500,2024-05-16,2024,5,86.8076171875,202.5048828125,9.6552734375,18.302734375
Raindrop_Wytham,446500,208500,2024-06-16,2024,6,16.4541015625,240.53125,9.5849609375,19.9365234375
Raindrop_Wytham,446500,208500,2024-07-16,2024,7,84.685546875,202.2880859375,12.1787109375,21.6630859375
Raindrop_Wytham,446500,208500,2024-08-16,2024,8,45.259765625,211.53515625,12.9169921875,22.341796875
Raindrop_Wytham,446500,208500,2024-09-16,2024,9,198.224609375,97.5322265625,10.6708984375,18.2353515625
Raindrop_Wytham,446500,208500,2024-10-16,2024,10,85.8408203125,98.3671875,8.357421875,14.92578125
Raindrop_Wytham,446500,208500,2024-11-16,2024,11,77.484375,54.451171875,4.8466796875,10.03515625
Raindrop_Wytham,446500,208500,2024-12-16,2024,12,52.10546875,19.916015625,4.7880859375,8.865234375
