date,rainfall,site,year,month,tasmax,tasmin
2000-01-16,22.422741655276607,Wytham,2000,1,7.717238841583253,1.5071098896613648
2000-01-16,122.373322968866,Hazelrigg,2000,1,7.1014766362313795,1.9826062071442851
2000-01-16,61.46659458910869,Ainsdale,2000,1,7.941391085327309,3.1012134642921683
2000-02-16,86.09857876976022,Wytham,2000,2,9.499260237663245,2.943088465014571
2000-02-16,115.9823883864602,Hazelrigg,2000,2,8.242684210971614,3.2437027896717097
2000-02-16,86.03473995059812,Ainsdale,2000,2,9.189978942985167,4.045983395930702
2000-03-16,13.694148586147556,Wytham,2000,3,11.03566407221443,3.7318513625309846
2000-03-16,67.50701608209695,Hazelrigg,2000,3,9.6431039777652785,3.920500293908176
2000-03-16,37.30595596042366,Ainsdale,2000,3,10.185147360683004,4.67210563260259
2000-04-16,167.6355516929832,Wytham,2000,4,11.678892914294421,4.149622890179753
2000-04-16,93.89133659547288,Hazelrigg,2000,4,10.938833533015845,3.909180715010807
2000-04-16,102.8574880770266,Ainsdale,2000,4,11.408201992614048,4.688345096067197
2000-05-16,88.51413854425047,Wytham,2000,5,16.60470404283541,8.079139289795092
2000-05-16,70.16114480424133,Hazelrigg,2000,5,15.952158359944484,7.70075490005205
2000-05-16,58.17840608120319,Ainsdale,2000,5,16.61794653754194,8.209692606467362
2000-06-16,29.386009637641887,Wytham,2000,6,19.857629428424474,11.342921419511766
2000-06-16,88.00484424696569,Hazelrigg,2000,6,17.29335875738125,10.418433157166387
2000-06-16,64.91534504874662,Ainsdale,2000,6,17.95075531991832,11.367029366875803
2000-07-16,28.709478560620727,Wytham,2000,7,20.03615908352912,11.533256554734244
2000-07-16,99.61174087335979,Hazelrigg,2000,7,17.958158124947367,11.000590907458482
2000-07-16,54.08401818776887,Ainsdale,2000,7,18.657440786885033,12.205461071460961
2000-08-16,71.33941408913776,Wytham,2000,8,21.92153502956302,12.470525253939382
2000-08-16,112.91891387400044,Hazelrigg,2000,8,18.891904010410332,12.097881094093083
2000-08-16,92.54162720046412,Ainsdale,2000,8,19.575191730695828,13.079636944892977
2000-09-16,103.33483038926396,Wytham,2000,9,18.70781676636716,11.479009145160886
2000-09-16,169.1364113670918,Hazelrigg,2000,9,17.11012285373851,10.990347029824871
2000-09-16,115.87621467856414,Ainsdale,2000,9,18.058091423691472,11.65926083862557
2000-10-16,133.16223327280915,Wytham,2000,10,13.61974974996988,7.5565917250633134
2000-10-16,274.89242320644246,Hazelrigg,2000,10,12.758865520270017,7.089961998317179
2000-10-16,226.17175708404275,Ainsdale,2000,10,13.484102317754516,7.6832112726784745
2000-11-16,113.0121771403656,Wytham,2000,11,9.943364716423774,4.167515070821317
2000-11-16,221.30656147543158,Hazelrigg,2000,11,9.049175914628321,4.636375545489198
2000-11-16,168.39135942595428,Ainsdale,2000,11,9.660984705266516,5.43597094849
2000-12-16,133.52300298340964,Wytham,2000,12,7.894812789227965,3.6615418781745595
2000-12-16,130.44454046023571,Hazelrigg,2000,12,7.582403953250524,3.0276026063914943
2000-12-16,83.59818860321045,Ainsdale,2000,12,8.186221226374535,3.869878521062962
2001-01-16,66.76856551910245,Wytham,2001,1,5.948370059558426,0.7053602873473248
2001-01-16,43.150916589697886,Hazelrigg,2001,1,5.735538183116852,0.6068532262430597
2001-01-16,35.98388036547442,Ainsdale,2001,1,6.094980560234683,0.8168787979864686
2001-02-16,84.46141647509394,Wytham,2001,2,8.120930578387174,1.4730154354387106
2001-02-16,135.3064541269096,Hazelrigg,2001,2,6.754885539408681,0.46689655196309
2001-02-16,88.17349743952391,Ainsdale,2001,2,7.356694231281479,1.1717942536083132
2001-03-16,81.91174814088987,Wytham,2001,3,8.35142298386474,2.6517919980244518
2001-03-16,51.5882678940337,Hazelrigg,2001,3,7.775590168132762,1.1550917321346381
2001-03-16,45.30248862518902,Ainsdale,2001,3,8.395236687110653,1.7986758655200878
2001-04-16,82.20638858655363,Wytham,2001,4,11.878098725589147,4.284213135908214
2001-04-16,103.64641005880708,Hazelrigg,2001,4,10.18370707318157,3.7834848689246883
2001-04-16,92.47407983444432,Ainsdale,2001,4,10.611086833388919,4.78012102419238
2001-05-16,37.97376147227777,Wytham,2001,5,17.662430316506697,7.568972157861598
2001-05-16,67.62586774945358,Hazelrigg,2001,5,16.33634981138139,7.847988268520747
2001-05-16,61.634615659558364,Ainsdale,2001,5,16.895961436402924,8.551673530671383
2001-06-16,19.77812808751855,Wytham,2001,6,19.724507277552657,9.913144610760373
2001-06-16,100.0775597083129,Hazelrigg,2001,6,16.34205815363707,9.887732447615882
2001-06-16,30.530221518114452,Ainsdale,2001,6,17.151722063169142,10.84382492318206
2001-07-16,79.17196940468118,Wytham,2001,7,22.511893984927735,12.834679940791055
2001-07-16,44.08865288977751,Hazelrigg,2001,7,19.553167708044946,12.407652448167315
2001-07-16,58.840261616585764,Ainsdale,2001,7,19.756582441136157,12.859011486138485
2001-08-16,111.40813267930203,Wytham,2001,8,21.77437307573432,12.78487686443076
2001-08-16,118.7259293356039,Hazelrigg,2001,8,18.74391600377858,12.042019552878827
2001-08-16,77.44674179830635,Ainsdale,2001,8,19.52619871445008,13.153856954189157
2001-09-16,39.841259310594154,Wytham,2001,9,17.025869791880964,10.186815861427164
2001-09-16,157.23509609252648,Hazelrigg,2001,9,15.742679776754478,9.808274298604495
2001-09-16,109.04012922215318,Ainsdale,2001,9,16.383962804332533,10.925146582560489
2001-10-16,100.82468685513588,Wytham,2001,10,16.326293731149804,10.732195091661936
2001-10-16,106.34490313505663,Hazelrigg,2001,10,15.530258109162675,10.698849391582417
2001-10-16,93.27202888584858,Ainsdale,2001,10,16.234878506520065,10.983170469422141
2001-11-16,45.55505712938263,Wytham,2001,11,10.559377074536282,3.631901460946675
2001-11-16,115.5600261284792,Hazelrigg,2001,11,10.571518482422334,5.1983136843281885
2001-11-16,59.57912196507832,Ainsdale,2001,11,11.280182080854381,6.239520027076141
2001-12-16,27.07219198504005,Wytham,2001,12,6.25233607412405,0.07634725825204236
2001-12-16,41.81591799255226,Hazelrigg,2001,12,6.978393222222385,0.47670242041830674
2001-12-16,42.48109323758707,Ainsdale,2001,12,7.306236777370055,1.248134190480656
2002-01-16,62.16193006394292,Wytham,2002,1,8.57035255269694,2.8176162366579023
2002-01-16,118.04233784448859,Hazelrigg,2002,1,8.19340426148677,2.9147984187759253
2002-01-16,64.62611570460287,Ainsdale,2002,1,8.669584578950559,3.3147627939652535
2002-02-16,74.63242964450167,Wytham,2002,2,10.237686796555945,3.980603962504772
2002-02-16,178.90563142395177,Hazelrigg,2002,2,8.924244179393257,3.7957117305042516
2002-02-16,107.25939016997744,Ainsdale,2002,2,9.7626409028617,4.652436214081355
2002-03-16,32.52799796824544,Wytham,2002,3,11.51280845233647,3.866580703192506
2002-03-16,42.54896578476917,Hazelrigg,2002,3,10.40663049154924,3.907190779610898
2002-03-16,30.595280604941603,Ainsdale,2002,3,10.937166934333245,4.423504664343076
2002-04-16,45.88213355975404,Wytham,2002,4,14.379997598127561,4.679201241901427
2002-04-16,71.66679550737221,Hazelrigg,2002,4,12.485365939892615,4.399575372667658
2002-04-16,56.26087608833131,Ainsdale,2002,4,12.9554019196615,5.21392513105717
2002-05-16,70.96975762105025,Wytham,2002,5,16.06300283944426,8.017410550017054
2002-05-16,112.53768355857548,Hazelrigg,2002,5,14.776322454978652,8.09092780314402
2002-05-16,61.46448186181378,Ainsdale,2002,5,15.297512328946793,8.982929860058057
2002-06-16,39.86944372723847,Wytham,2002,6,18.9703349905096,10.091128433152344
2002-06-16,91.06239116242888,Hazelrigg,2002,6,16.4490220083682,10.509921529066192
2002-06-16,68.20128212574524,Ainsdale,2002,6,17.067727611995313,11.576521211818589
2002-07-16,103.89790591862328,Wytham,2002,7,21.144067154880062,11.80555054038049
2002-07-16,78.73199395091683,Hazelrigg,2002,7,17.54850817214472,11.39043416031788
2002-07-16,67.86282605445415,Ainsdale,2002,7,18.196740507423744,12.285800925896872
2002-08-16,50.016741846110776,Wytham,2002,8,21.90684371043844,12.747098957279531
2002-08-16,93.8867001037515,Hazelrigg,2002,8,19.104511278741594,12.82750265052862
2002-08-16,75.69442446140665,Ainsdale,2002,8,19.45160148013267,13.87336176185218
2002-09-16,24.903944535734013,Wytham,2002,9,19.062020206648278,9.880031295399252
2002-09-16,50.187486603171436,Hazelrigg,2002,9,17.48259704160099,10.221321664467872
2002-09-16,67.81259252380616,Ainsdale,2002,9,18.214941780341263,10.481001568583597
2002-10-16,145.4631392837628,Wytham,2002,10,14.05419364041676,6.750517481152897
2002-10-16,121.5896295157589,Hazelrigg,2002,10,12.428831317185379,6.146460653718017
2002-10-16,132.06418708327413,Ainsdale,2002,10,13.14842773589817,6.828747123155321
2002-11-16,146.74064711156092,Wytham,2002,11,11.256180808771495,6.109798126490622
2002-11-16,130.9599511319697,Hazelrigg,2002,11,10.593080479778745,6.060685593492293
2002-11-16,121.5215697733897,Ainsdale,2002,11,11.144927597998146,6.702805545581928
2002-12-16,118.9281128312505,Wytham,2002,12,7.909057627576032,4.171153803546208
2002-12-16,111.27256583194091,Hazelrigg,2002,12,6.935052623078478,3.155808509608397
2002-12-16,97.55312215235611,Ainsdale,2002,12,7.524141674692044,4.081379588516883
2003-01-16,91.22480686085933,Wytham,2003,1,6.974512146632012,1.638662797227875
2003-01-16,72.7057807775611,Hazelrigg,2003,1,6.624953707752244,1.9617651531974116
2003-01-16,54.65155667743859,Ainsdale,2003,1,7.306905444142524,2.5076104123831042
2003-02-16,17.695689452470365,Wytham,2003,2,7.649458954832101,0.418002292495468
2003-02-16,52.139286763258525,Hazelrigg,2003,2,7.221098344353181,0.7363819952539028
2003-02-16,35.94904614122866,Ainsdale,2003,2,7.603562862734912,1.1949521886268424
2003-03-16,35.19100890659772,Wytham,2003,3,12.561159742639598,2.4867016879752497
2003-03-16,55.648130750130285,Hazelrigg,2003,3,11.512527046379734,3.0712225666265653
2003-03-16,37.90778905737234,Ainsdale,2003,3,11.947388467081742,3.5233048466752614
2003-04-16,45.903569829359874,Wytham,2003,4,14.6305301920931,4.390147057391173
2003-04-16,57.96205789025835,Hazelrigg,2003,4,14.058515603863857,5.224327297825978
2003-04-16,54.359444087992514,Ainsdale,2003,4,14.56657411101221,6.055757403721213
2003-05-16,61.478164223630046,Wytham,2003,5,16.737707769295092,7.769515491525842
2003-05-16,97.47018885493797,Hazelrigg,2003,5,14.619030640766125,8.546777602425394
2003-05-16,93.60503867831665,Ainsdale,2003,5,15.152461797277518,9.33803446751769
2003-06-16,52.3601962507318,Wytham,2003,6,21.619876572737596,11.319118150923394
2003-06-16,74.78483212007279,Hazelrigg,2003,6,18.776965576149365,11.305463097680965
2003-06-16,57.982625122126414,Ainsdale,2003,6,19.339612317713073,12.231427266464749
2003-07-16,57.38631839968467,Wytham,2003,7,22.746499648692932,13.065166083004724
2003-07-16,92.21333724108891,Hazelrigg,2003,7,19.968268411755425,13.492598163698933
2003-07-16,52.899414479432075,Ainsdale,2003,7,20.598305737357343,14.146458270759856
2003-08-16,10.138166774476403,Wytham,2003,8,24.682898211657275,13.35981667521087
2003-08-16,14.335622708389891,Hazelrigg,2003,8,20.47339422844373,13.009668357089977
2003-08-16,17.259748825450608,Ainsdale,2003,8,20.9613313473297,13.87064376514423
2003-09-16,20.02223433246241,Wytham,2003,9,20.60393550576195,8.567599958177528
2003-09-16,115.58357052062476,Hazelrigg,2003,9,17.57304011867756,9.567610046506406
2003-09-16,87.49629549388106,Ainsdale,2003,9,18.413195978280097,10.265741150386189
2003-10-16,34.19924071417695,Wytham,2003,10,13.429110559461453,4.4986208264495
2003-10-16,58.28448692707082,Hazelrigg,2003,10,12.169162319214042,5.552906474552092
2003-10-16,41.030219552516826,Ainsdale,2003,10,12.954542702028542,5.950195303002562
2003-11-16,97.82162825721628,Wytham,2003,11,11.309387631764949,5.400693423356689
2003-11-16,142.63384259532532,Hazelrigg,2003,11,10.756895623532687,5.5815660806841425
2003-11-16,98.96954798790371,Ainsdale,2003,11,11.250484508553845,5.988124577111121
2003-12-16,87.98891014486344,Wytham,2003,12,7.966762203060904,1.8959715216418809
2003-12-16,138.44893949790924,Hazelrigg,2003,12,7.525084675182068,1.642445534651118
2003-12-16,99.30799130906247,Ainsdale,2003,12,8.074692486573122,2.494406357549633
2004-01-16,77.85849330236142,Wytham,2004,1,8.112182947190176,2.4604667303759675
2004-01-16,141.84613562496813,Hazelrigg,2004,1,7.447528441908219,2.686673689822595
2004-01-16,76.49108612972705,Ainsdale,2004,1,8.080496110576155,3.4108001524903875
2004-02-16,31.272148943263534,Wytham,2004,2,8.008323040104381,2.6450605219747976
2004-02-16,93.16652093225204,Hazelrigg,2004,2,8.00299430701021,2.002816968590799
2004-02-16,58.81791753208092,Ainsdale,2004,2,8.620162073392532,2.6497452332927964
2004-03-16,47.59846823527649,Wytham,2004,3,10.151362165373174,2.928773755558906
2004-03-16,53.39008843907112,Hazelrigg,2004,3,9.327379756207414,2.9382475363469758
2004-03-16,31.836641722649624,Ainsdale,2004,3,10.028781257644177,3.5489873174734567
2004-04-16,75.63593037378136,Wytham,2004,4,13.806908960644469,5.4350043119216105
2004-04-16,49.76816462159738,Hazelrigg,2004,4,12.170104458161857,6.099099147089993
2004-04-16,42.8929712652869,Ainsdale,2004,4,12.606492411898756,7.186962211242851
2004-05-16,41.48924907026977,Wytham,2004,5,17.189892310391436,7.886285172646973
2004-05-16,35.39682811396815,Hazelrigg,2004,5,15.374103989131921,7.760520515438169
2004-05-16,37.48511707746662,Ainsdale,2004,5,15.735834321470334,8.481144022979802
2004-06-16,23.4471579630408,Wytham,2004,6,20.841889129025038,11.24505929609643
2004-06-16,69.60919169456025,Hazelrigg,2004,6,17.402420015179747,10.940811475624484
2004-06-16,68.64859781201085,Ainsdale,2004,6,18.071209824278675,12.00304354989787
2004-07-16,53.625919744208936,Wytham,2004,7,21.221974252553892,11.646464303131733
2004-07-16,97.2866912026812,Hazelrigg,2004,7,17.67648670801116,11.597640967203867
2004-07-16,57.79108662312062,Ainsdale,2004,7,18.123472889364365,12.544621257718253
2004-08-16,168.64976130795552,Wytham,2004,8,22.531137050982817,13.660835063367301
2004-08-16,211.80200720811493,Hazelrigg,2004,8,19.990326985652064,13.496643757903124
2004-08-16,146.45935849910995,Ainsdale,2004,8,20.550147843852223,14.521009113230294
2004-09-16,36.15922369729965,Wytham,2004,9,19.37629903633792,11.202621212502066
2004-09-16,116.37133602332159,Hazelrigg,2004,9,16.80458504988513,11.104019101074861
2004-09-16,97.6329642845306,Ainsdale,2004,9,17.740166121347333,11.799876132662558
2004-10-16,138.90649546385373,Wytham,2004,10,13.95796406342243,7.938978485355772
2004-10-16,180.20241498797404,Hazelrigg,2004,10,12.889390793476727,7.388374917318515
2004-10-16,114.10938341576511,Ainsdale,2004,10,13.62441132799122,7.776420613962331
2004-11-16,38.60843284680035,Wytham,2004,11,10.236411330692764,5.20478961710015
2004-11-16,84.05240393771265,Hazelrigg,2004,11,9.991381886412556,5.520518515278936
2004-11-16,57.017752299461485,Ainsdale,2004,11,10.654734722613366,6.676011609225031
2004-12-16,45.178097666033736,Wytham,2004,12,8.071783104910367,2.2618499451414
2004-12-16,125.22774356599105,Hazelrigg,2004,12,8.296443853181414,2.8716015180386663
2004-12-16,79.68948496454216,Ainsdale,2004,12,9.156001938205462,3.937569496198615
2005-01-16,21.51215267662287,Wytham,2005,1,8.792046187201976,3.2021712857096634
2005-01-16,92.94082881678428,Hazelrigg,2005,1,8.387112941609448,3.754461824720053
2005-01-16,67.44223036417979,Ainsdale,2005,1,9.008126909852377,4.486774062029849
2005-02-16,19.554411157876437,Wytham,2005,2,6.688335859510307,1.6734947202250632
2005-02-16,53.66929799918845,Hazelrigg,2005,2,7.037006754465085,2.036915833115419
2005-02-16,42.778275380584816,Ainsdale,2005,2,7.460467789684974,2.495166348621497
2005-03-16,56.07815778036491,Wytham,2005,3,10.446315860834085,3.8907672059892926
2005-03-16,45.74546755256083,Hazelrigg,2005,3,10.213663202660785,4.159539117981664
2005-03-16,36.4334987077781,Ainsdale,2005,3,10.65254879810855,5.0335279130735255
2005-04-16,57.92446244249088,Wytham,2005,4,13.512289513876645,5.1398438341371415
2005-04-16,89.50738793080409,Hazelrigg,2005,4,11.905715239286081,5.102808935110918
2005-04-16,96.97805927337967,Ainsdale,2005,4,12.35852520724053,6.068095808517378
2005-05-16,38.96869096868972,Wytham,2005,5,16.364830690417612,7.077743256154874
2005-05-16,65.75532069737402,Hazelrigg,2005,5,14.135609768426093,6.8459527296569505
2005-05-16,41.56605021820396,Ainsdale,2005,5,14.952507439236241,7.885532873934188
2005-06-16,64.15434347089513,Wytham,2005,6,20.80558285439425,11.224628992430704
2005-06-16,52.400963785857435,Hazelrigg,2005,6,17.98148695939483,10.625355388051592
2005-06-16,43.003901856273295,Ainsdale,2005,6,18.77129521558376,11.649387922443866
2005-07-16,48.53962653348121,Wytham,2005,7,21.63564478354963,12.802010245030786
2005-07-16,38.174486419374425,Hazelrigg,2005,7,19.067353169089916,12.556436065489226
2005-07-16,37.38304459788245,Ainsdale,2005,7,19.578241262323388,13.391116008765003
2005-08-16,37.270426656459456,Wytham,2005,8,22.037419563928456,11.47343608570505
2005-08-16,76.41805599154169,Hazelrigg,2005,8,18.9565227674669,11.752908165019086
2005-08-16,55.38890550846838,Ainsdale,2005,8,19.64033119856397,13.01605869079172
2005-09-16,40.11464369378578,Wytham,2005,9,20.20102209946691,11.232689649266646
2005-09-16,100.80044619373598,Hazelrigg,2005,9,17.539258451959334,10.919865640585916
2005-09-16,78.58703476582323,Ainsdale,2005,9,18.46311607968052,11.728916818274927
2005-10-16,58.369366943105,Wytham,2005,10,16.34181496003868,10.396998636234189
2005-10-16,105.94113228724319,Hazelrigg,2005,10,15.01667544119658,9.906559376927584
2005-10-16,119.14394151461113,Ainsdale,2005,10,15.671990111345313,10.58744837051533
2005-11-16,46.44246864106373,Wytham,2005,11,9.416363521682104,2.506217341346286
2005-11-16,151.64621544647764,Hazelrigg,2005,11,9.488891638887752,3.143115995729704
2005-11-16,96.45411900146756,Ainsdale,2005,11,10.422967025160284,4.043981984257199
2005-12-16,54.184295809126205,Wytham,2005,12,7.238642006171457,1.2266366960296329
2005-12-16,54.94086983156852,Hazelrigg,2005,12,7.4205014078006615,1.9664393813518088
2005-12-16,60.23496983218289,Ainsdale,2005,12,8.24316231158708,2.8929645883177466
2006-01-16,15.628361217257027,Wytham,2006,1,6.571949961433332,1.8738847284580085
2006-01-16,67.45390303021254,Hazelrigg,2006,1,6.641022625442129,1.7956731068544118
2006-01-16,31.841422949889477,Ainsdale,2006,1,7.020374703098446,2.159841571488323
2006-02-16,31.337626364981173,Wytham,2006,2,6.015602080597554,0.7234874616561544
2006-02-16,66.06666905663532,Hazelrigg,2006,2,6.782307909735723,1.818287053688607
2006-02-16,54.00074216230025,Ainsdale,2006,2,7.245248831779414,2.2627147959213474
2006-03-16,75.2028920711381,Wytham,2006,3,8.371019352827172,1.8086858974810411
2006-03-16,167.05431567783205,Hazelrigg,2006,3,7.454775657824625,0.9760890287663493
2006-03-16,121.08860710092057,Ainsdale,2006,3,7.978212128613889,2.149208577667346
2006-04-16,33.268292515798436,Wytham,2006,4,12.993482077963325,5.00242253605786
2006-04-16,84.57023665162042,Hazelrigg,2006,4,11.144757065206923,4.326529081727276
2006-04-16,55.09571980066405,Ainsdale,2006,4,11.510354846595218,5.851310828800634
2006-05-16,95.90979231748946,Wytham,2006,5,16.804077643942545,8.631446926069057
2006-05-16,94.9060699930393,Hazelrigg,2006,5,15.288395893254004,7.611495331882256
2006-05-16,104.41644994518362,Ainsdale,2006,5,15.770290816436296,8.542656542776745
2006-06-16,5.913137694160808,Wytham,2006,6,22.123251268425978,11.115618255721348
2006-06-16,43.04200911275777,Hazelrigg,2006,6,18.824941308363144,11.045808198692974
2006-06-16,29.260734861400778,Ainsdale,2006,6,19.301332172441025,12.086633108044003
2006-07-16,92.20206614405984,Wytham,2006,7,26.334484088327407,14.469238136470507
2006-07-16,37.42767998670973,Hazelrigg,2006,7,23.251519041800982,13.723660691975137
2006-07-16,16.341269844221138,Ainsdale,2006,7,23.903273607486895,14.077999245051403
2006-08-16,75.36624554153916,Wytham,2006,8,20.872260679823135,12.700571777864383
2006-08-16,103.74582329056467,Hazelrigg,2006,8,18.25944427040699,12.152320094820169
2006-08-16,79.17386970364598,Ainsdale,2006,8,18.75460106615738,13.229956832837392
2006-09-16,114.84160211609131,Wytham,2006,9,21.315923565000766,13.152872806253729
2006-09-16,80.50766737139146,Hazelrigg,2006,9,19.223108658902238,12.533857741621862
2006-09-16,67.40868313100098,Ainsdale,2006,9,19.95890461528062,13.165658572479108
2006-10-16,103.70239672134984,Wytham,2006,10,16.446735022685647,10.11760766997989
2006-10-16,153.94673316664657,Hazelrigg,2006,10,15.302554860399209,9.711826264816812
2006-10-16,97.74516378226406,Ainsdale,2006,10,15.936665163889442,10.217961422195096
2006-11-16,102.58374800422045,Wytham,2006,11,11.537056245199597,4.474483892151176
2006-11-16,128.97390995552777,Hazelrigg,2006,11,11.058951673416015,5.411383477316923
2006-11-16,73.46692169075327,Ainsdale,2006,11,11.63756637059759,6.209643043005631
2006-12-16,82.71960934944133,Wytham,2006,12,8.857962328866158,4.006317911614419
2006-12-16,184.26770154803785,Hazelrigg,2006,12,8.609095456956158,4.109132357535581
2006-12-16,105.34630487234814,Ainsdale,2006,12,9.32681862785468,5.348589818805313
2007-01-16,83.82875377105802,Wytham,2007,1,9.738650963848563,4.3976437617891495
2007-01-16,120.87258734043212,Hazelrigg,2007,1,9.292741286046814,3.8493337119683186
2007-01-16,99.39290607835777,Ainsdale,2007,1,9.84759452908066,5.004188207832767
2007-02-16,81.00210522883177,Wytham,2007,2,9.00468773340838,3.10771645131931
2007-02-16,67.02450611584881,Hazelrigg,2007,2,8.277218995759418,2.9386878873675006
2007-02-16,58.4594308394117,Ainsdale,2007,2,8.822900887930617,3.5500112126849177
2007-03-16,48.72235987442586,Wytham,2007,3,11.252815684558213,3.0643334869573247
2007-03-16,55.759417475954734,Hazelrigg,2007,3,10.230715295637326,3.5895142716057897
2007-03-16,35.67316157843685,Ainsdale,2007,3,10.670134294002093,4.167963958016521
2007-04-16,1.9904089108923952,Wytham,2007,4,17.090812087302123,5.711306246047693
2007-04-16,29.32014385390849,Hazelrigg,2007,4,14.72623202480976,6.351006082500185
2007-04-16,19.328170153647662,Ainsdale,2007,4,15.199390848403606,7.301811889535565
2007-05-16,140.7919302569595,Wytham,2007,5,16.601494272593843,7.79353941351348
2007-05-16,83.99229798225338,Hazelrigg,2007,5,14.722279000763583,7.937742001578431
2007-05-16,76.59913322319309,Ainsdale,2007,5,15.413867564859489,8.83711887324123
2007-06-16,80.32581293808423,Wytham,2007,6,19.75119756106488,11.29959278518432
2007-06-16,164.26285826595705,Hazelrigg,2007,6,18.245478292122584,11.263543625998397
2007-06-16,139.6967185732051,Ainsdale,2007,6,18.588833217902664,11.903731479737825
2007-07-16,144.1173518918285,Wytham,2007,7,19.713536301296703,11.909776003109279
2007-07-16,164.4882704353263,Hazelrigg,2007,7,17.321577652492618,11.744467824885664
2007-07-16,134.81931582762604,Ainsdale,2007,7,17.776949659298698,12.52409969008746
2007-08-16,45.10155660963073,Wytham,2007,8,20.70665430384986,11.377869200240312
2007-08-16,84.39348660760905,Hazelrigg,2007,8,18.064818838480583,11.689266638459534
2007-08-16,49.835830237232074,Ainsdale,2007,8,18.671255376669105,12.760304963992558
2007-09-16,21.44582223185879,Wytham,2007,9,18.391066481185813,9.971072340520282
2007-09-16,71.68715611308966,Hazelrigg,2007,9,16.33237398567291,9.964107897810079
2007-09-16,79.95388990718978,Ainsdale,2007,9,16.975297066390993,11.108703283108742
2007-10-16,90.49235346306192,Wytham,2007,10,14.447253155598808,7.277829392353992
2007-10-16,62.69864855563311,Hazelrigg,2007,10,14.004824720461784,7.849361874608261
2007-10-16,45.88036432989531,Ainsdale,2007,10,14.738719858022444,8.462969986633583
2007-11-16,68.10198978986735,Wytham,2007,11,10.604751771521636,3.7414857051695667
2007-11-16,98.26658831267022,Hazelrigg,2007,11,10.48460453679696,5.128221796807096
2007-11-16,57.06322816403181,Ainsdale,2007,11,11.114473722395147,6.136606498350309
2007-12-16,72.5633499585914,Wytham,2007,12,7.773203981118546,2.0496489423183455
2007-12-16,160.54349751676662,Hazelrigg,2007,12,7.649816724895588,2.2779138879149823
2007-12-16,101.47127348361865,Ainsdale,2007,12,8.310334198539538,3.220610772795168
2008-01-16,101.57038829745441,Wytham,2008,1,9.653552868638982,4.04817374989274
2008-01-16,188.42850726410592,Hazelrigg,2008,1,8.68727674587121,3.7968713806215835
2008-01-16,142.08952075668708,Ainsdale,2008,1,9.377234358456109,4.537225537340926
2008-02-16,21.208350892588317,Wytham,2008,2,9.74674102442739,0.8853848815663309
2008-02-16,50.461531588518326,Hazelrigg,2008,2,9.404369646852683,1.777051147109722
2008-02-16,37.51486582803603,Ainsdale,2008,2,10.108336104922683,2.388858715310337
2008-03-16,84.65763845297975,Wytham,2008,3,9.773517858348194,2.9341422399631085
2008-03-16,72.63159002585044,Hazelrigg,2008,3,8.60904166362832,2.837096993616448
2008-03-16,57.27610213069472,Ainsdale,2008,3,9.301745077983403,3.5831951678529124
2008-04-16,52.2807849356556,Wytham,2008,4,12.585390977827036,4.099130745672964
2008-04-16,74.3057341143315,Hazelrigg,2008,4,10.89039320665856,4.322121124765626
2008-04-16,57.6224420341594,Ainsdale,2008,4,11.27978008031851,5.426153555573631
2008-05-16,107.31529666566934,Wytham,2008,5,18.20745910741956,9.129360714479134
2008-05-16,23.46263678987511,Hazelrigg,2008,5,17.264073890677114,9.072056562674689
2008-05-16,31.54647289822557,Ainsdale,2008,5,17.89306234466358,9.634188831451397
2008-06-16,75.56745416768898,Wytham,2008,6,19.1714666654829,10.407151225683881
2008-06-16,98.6346887899224,Hazelrigg,2008,6,16.45038592606819,9.771564099595249
2008-06-16,92.09212931474313,Ainsdale,2008,6,16.927878448616624,10.915212495320123
2008-07-16,127.67509196324089,Wytham,2008,7,21.224804424184644,12.22858506837433
2008-07-16,115.90504903587478,Hazelrigg,2008,7,18.83905927478188,12.595818972992106
2008-07-16,86.15796810833346,Ainsdale,2008,7,19.522108203115188,13.373494922158763
2008-08-16,95.12915002851219,Wytham,2008,8,19.990038980682286,13.396892303714592
2008-08-16,171.9274023489774,Hazelrigg,2008,8,17.81219833823099,13.12168328789025
2008-08-16,82.95202492822865,Ainsdale,2008,8,18.742543040523078,14.010560998428085
2008-09-16,81.99283779379847,Wytham,2008,9,17.295816644090518,9.879642988746257
2008-09-16,141.3302617910199,Hazelrigg,2008,9,16.16290735015903,10.195307762481871
2008-09-16,124.28548776628689,Ainsdale,2008,9,16.95353936296482,10.609599103362237
2008-10-16,40.82886570175977,Wytham,2008,10,13.862626939228653,5.627766582916891
2008-10-16,208.46368968241686,Hazelrigg,2008,10,12.281460635286471,6.6765333323457385
2008-10-16,137.91469747030598,Ainsdale,2008,10,13.116576938599225,7.600949664150196
2008-11-16,91.81057425330069,Wytham,2008,11,9.605785099498535,4.500239564673347
2008-11-16,80.85011341844087,Hazelrigg,2008,11,9.263716101974289,4.564788909264593
2008-11-16,53.20939860364759,Ainsdale,2008,11,9.83268787591789,5.505794955922732
2008-12-16,36.912710034945825,Wytham,2008,12,6.265896052069682,0.9987570642724031
2008-12-16,94.41400074297408,Hazelrigg,2008,12,6.2709118057683835,0.9664007395066713
2008-12-16,73.6435327094316,Ainsdale,2008,12,7.085615472838779,1.6162391959738451
2009-01-16,50.61015282473119,Wytham,2009,1,5.7856968017098165,-0.321285445908267
2009-01-16,97.07096821009307,Hazelrigg,2009,1,6.278299645708412,0.898720385599568
2009-01-16,59.1633276526436,Ainsdale,2009,1,6.671391329738244,1.3420012868932518
2009-02-16,59.364279220985175,Wytham,2009,2,6.877424766653353,1.367617833629346
2009-02-16,17.928893699731066,Hazelrigg,2009,2,6.352468402988563,1.7772558781878949
2009-02-16,10.476980385630348,Ainsdale,2009,2,6.910577016124658,2.605757917151912
2009-03-16,18.64471132054305,Wytham,2009,3,11.643111989466645,2.63619518209796
2009-03-16,40.836226814779174,Hazelrigg,2009,3,9.459088013123015,3.5437949251689824
2009-03-16,31.034758574337193,Ainsdale,2009,3,10.104923214578125,4.364798597589224
2009-04-16,42.23999524281803,Wytham,2009,4,14.772857696157422,5.583930030331024
2009-04-16,45.8137799562301,Hazelrigg,2009,4,13.643049757306038,5.288758590523344
2009-04-16,51.187170508296596,Ainsdale,2009,4,14.164272745539005,6.45756567401736
2009-05-16,55.52483839343713,Wytham,2009,5,17.315458030236883,7.885510542267753
2009-05-16,93.73996244918865,Hazelrigg,2009,5,14.916427471191486,7.733030099433572
2009-05-16,63.07707578012845,Ainsdale,2009,5,15.5806513227306,8.661730396526199
2009-06-16,67.33334550614066,Wytham,2009,6,20.631583863391022,10.152621734724601
2009-06-16,51.58958583073309,Hazelrigg,2009,6,18.57676457702616,10.3642863414814
2009-06-16,35.125877362464045,Ainsdale,2009,6,19.09794878007341,10.868974091270019
2009-07-16,92.42559216125545,Wytham,2009,7,21.09434349415241,12.57039830282529
2009-07-16,164.3847799306115,Hazelrigg,2009,7,18.508595258918533,12.664123532799442
2009-07-16,112.36653849341674,Ainsdale,2009,7,19.184073988065656,13.291983081922124
2009-08-16,54.69157896213412,Wytham,2009,8,21.499271839101453,12.817824014161358
2009-08-16,113.3326614716627,Hazelrigg,2009,8,18.49250998367053,12.780097005515763
2009-08-16,65.21319652884311,Ainsdale,2009,8,19.524860450132827,13.617605466988676
2009-09-16,11.094992139460254,Wytham,2009,9,18.973955256726455,10.344007880611816
2009-09-16,55.22636870134424,Hazelrigg,2009,9,16.21751550854345,10.74968340929679
2009-09-16,34.39521950354529,Ainsdale,2009,9,17.123981344444594,11.34109771758889
2009-10-16,53.00530065692976,Wytham,2009,10,15.2385156715913,7.981601923809958
2009-10-16,84.07887522839368,Hazelrigg,2009,10,13.951518755655353,8.34836670981818
2009-10-16,72.20556276827695,Ainsdale,2009,10,14.863619541433522,8.664824169725774
2009-11-16,116.65409712042313,Wytham,2009,11,11.43156068991019,6.498204552097742
2009-11-16,258.96840585216023,Hazelrigg,2009,11,10.410037878792641,5.5947953487577635
2009-11-16,140.91249300760828,Ainsdale,2009,11,11.18325443265181,6.4732662034842665
2009-12-16,80.64244096575466,Wytham,2009,12,5.882670570208074,0.3322255534832741
2009-12-16,83.60552618026853,Hazelrigg,2009,12,5.668724068349254,0.44292862445500675
2009-12-16,86.84440898782164,Ainsdale,2009,12,6.328750777387303,1.48845404742544
2010-01-16,66.871647731,Wytham,2010,1,3.7208437427619687,-1.1647188321137656
2010-01-16,51.65889961816409,Hazelrigg,2010,1,3.9066658317996055,-0.6830773596262391
2010-01-16,61.79549383284197,Ainsdale,2010,1,4.299103244703207,-0.41117676762412725
2010-02-16,65.63647836606653,Wytham,2010,2,6.031776234306926,0.7972123519822271
2010-02-16,57.910901733104936,Hazelrigg,2010,2,5.04164969798675,-0.8881437358821155
2010-02-16,48.2976874641244,Ainsdale,2010,2,5.80433601139774,-0.08751041584087514
2010-03-16,53.75412584127302,Wytham,2010,3,10.199789295051923,2.5235979220142384
2010-03-16,63.013890985125734,Hazelrigg,2010,3,9.275955777650065,2.094156462109284
2010-03-16,51.071963786357394,Ainsdale,2010,3,9.619447538636685,2.6532826111247134
2010-04-16,22.111597950934872,Wytham,2010,4,14.617539083226742,4.141252306020071
2010-04-16,18.905733215142217,Hazelrigg,2010,4,12.304461335048355,4.268600206365085
2010-04-16,15.315417373384058,Ainsdale,2010,4,12.996066915476732,5.014212053028761
2010-05-16,35.93575190890747,Wytham,2010,5,16.33388479452252,6.541830582153125
2010-05-16,36.76107236971318,Hazelrigg,2010,5,14.001361228613842,6.34127173279036
2010-05-16,19.117609509696564,Ainsdale,2010,5,14.732756281782125,7.2108942137271255
2010-06-16,39.790174305501196,Wytham,2010,6,21.66017801662376,10.355783654264147
2010-06-16,34.606389804405616,Hazelrigg,2010,6,18.659493004695097,10.448759047447705
2010-06-16,23.47486580298867,Ainsdale,2010,6,19.252098930760553,11.263239101353022
2010-07-16,13.349067852096011,Wytham,2010,7,22.867965006399896,13.544999146195073
2010-07-16,173.9597107888356,Hazelrigg,2010,7,18.266027566359952,12.850355643855153
2010-07-16,136.6546524323964,Ainsdale,2010,7,19.14694727358313,13.756586357160208
2010-08-16,144.89505211516908,Wytham,2010,8,20.20829823345335,11.79025879394994
2010-08-16,67.54674780381731,Hazelrigg,2010,8,17.769995143895976,11.422029498106664
2010-08-16,65.77020864182106,Ainsdale,2010,8,18.25122295829174,12.497036925582112
2010-09-16,50.00384842154836,Wytham,2010,9,17.979420385419644,9.960574606253966
2010-09-16,200.9749444718616,Hazelrigg,2010,9,16.752895644120777,10.614350813749713
2010-09-16,145.5050996361425,Ainsdale,2010,9,17.509879525187053,11.271564039510363
2010-10-16,47.47332196241938,Wytham,2010,10,13.932939186421127,6.963215852114501
2010-10-16,93.01277014788592,Hazelrigg,2010,10,13.207774277443825,6.82927355742193
2010-10-16,74.5765598252381,Ainsdale,2010,10,14.07609583182272,7.297076972920209
2010-11-16,46.22346416210975,Wytham,2010,11,7.802999729951234,2.6355180142930994
2010-11-16,113.15277238335418,Hazelrigg,2010,11,7.69808939143184,2.273191408915409
2010-11-16,85.85485913773586,Ainsdale,2010,11,8.455519170083807,3.012118977434295
2010-12-16,33.69877318727986,Wytham,2010,12,2.319495961563634,-3.102907443941246
2010-12-16,28.408917281505396,Hazelrigg,2010,12,2.7749413789652113,-3.8151478345949297
2010-12-16,44.253631600123676,Ainsdale,2010,12,3.3794936041700177,-3.1456737796799614
2011-01-16,67.51652942587152,Wytham,2011,1,6.333860895226743,1.5236544372618601
2011-01-16,90.98536173137735,Hazelrigg,2011,1,5.922864204341401,0.3064183800362065
2011-01-16,40.26598310100769,Ainsdale,2011,1,6.342011818132834,1.2636088204335745
2011-02-16,53.18987722600219,Wytham,2011,2,9.25238414065026,3.94120146021758
2011-02-16,115.16428682401363,Hazelrigg,2011,2,8.501037135334883,3.6136353966423216
2011-02-16,97.82956272631425,Ainsdale,2011,2,9.219070300497506,4.517249341148208
2011-03-16,11.347949418078468,Wytham,2011,3,11.447067105420711,2.80581278655511
2011-03-16,41.398319866967,Hazelrigg,2011,3,9.848903053486175,2.646194262793701
2011-03-16,20.43053058139607,Ainsdale,2011,3,10.46459150699427,2.9494098374825923
2011-04-16,1.6089441403252884,Wytham,2011,4,18.15726717098008,6.717440778633783
2011-04-16,50.18039510878789,Hazelrigg,2011,4,15.261984359084753,6.943348712512931
2011-04-16,17.732704227436017,Ainsdale,2011,4,15.643873583296646,7.779808545468973
2011-05-16,49.4229923250255,Wytham,2011,5,17.703814818793422,7.9125676392971425
2011-05-16,91.59702648067237,Hazelrigg,2011,5,14.725289872577605,8.54796402451969
2011-05-16,39.178103136955144,Ainsdale,2011,5,15.572124266062849,9.57035554176933
2011-06-16,46.67777857635833,Wytham,2011,6,19.065958621282988,9.573126914761493
2011-06-16,49.183444900995156,Hazelrigg,2011,6,16.79213162548424,9.668091700340726
2011-06-16,43.698753621005416,Ainsdale,2011,6,17.39610144813275,10.464970326800001
2011-07-16,45.453230607470175,Wytham,2011,7,20.74100681390761,10.603466095301142
2011-07-16,78.1571029520868,Hazelrigg,2011,7,18.279110078864292,10.853812635307971
2011-07-16,66.18796177467975,Ainsdale,2011,7,18.75217763391814,11.622390838140346
2011-08-16,77.88065542209468,Wytham,2011,8,20.262967894582776,11.642839676773987
2011-08-16,117.23165693213055,Hazelrigg,2011,8,17.346777753285018,11.678088203126713
2011-08-16,106.19166149420272,Ainsdale,2011,8,18.09436997829472,12.652394288575417
2011-09-16,33.53310359913583,Wytham,2011,9,19.784662655514982,11.144770390326773
2011-09-16,178.81444712522025,Hazelrigg,2011,9,17.233771255452957,11.448687284545548
2011-09-16,90.24899086717657,Ainsdale,2011,9,18.155873825546784,12.283247413380273
2011-10-16,32.98247286025355,Wytham,2011,10,16.834041575882075,8.545890449177366
2011-10-16,125.42458995088165,Hazelrigg,2011,10,14.665246994977423,9.332722299140075
2011-10-16,79.86295457933257,Ainsdale,2011,10,15.536323408816772,10.067646524721333
2011-11-16,30.844341692615053,Wytham,2011,11,12.530850262596763,6.534373322291488
2011-11-16,53.82103986892814,Hazelrigg,2011,11,12.092336136416272,6.9409717745883235
2011-11-16,51.51308802944544,Ainsdale,2011,11,12.556916058959036,7.610836093584154
2011-12-16,79.71297497803864,Wytham,2011,12,8.911790887318752,3.0337001509758084
2011-12-16,163.21665484723383,Hazelrigg,2011,12,8.104052988210901,3.5963727570249744
2011-12-16,151.09601107151772,Ainsdale,2011,12,8.961169186762728,5.00094034722809
2012-01-16,36.73244390052454,Wytham,2012,1,8.936289274400309,2.743336207566946
2012-01-16,103.56492265481083,Hazelrigg,2012,1,7.655768268862942,2.5934809862751194
2012-01-16,64.9305468495402,Ainsdale,2012,1,8.228766898820055,3.550847665937117
2012-02-16,25.591371959145327,Wytham,2012,2,6.805378513075283,0.5815589471395606
2012-02-16,54.299119046562645,Hazelrigg,2012,2,6.7153792934312175,1.9185936082399675
2012-02-16,31.716634423323196,Ainsdale,2012,2,7.3368999573093054,2.6130843751480275
2012-03-16,24.754349482234794,Wytham,2012,3,13.203120804313855,3.102273050801874
2012-03-16,27.377094840494976,Hazelrigg,2012,3,11.940635485621723,4.956793646843191
2012-03-16,21.693562415924177,Ainsdale,2012,3,12.368233356437457,5.627025135703937
2012-04-16,151.10379969215657,Wytham,2012,4,11.694730063981275,3.6674954342981607
2012-04-16,79.42335457935391,Hazelrigg,2012,4,10.355968463946716,3.395698785793753
2012-04-16,85.75797471098461,Ainsdale,2012,4,10.543670340457199,4.7757737056289145
2012-05-16,42.54524304567573,Wytham,2012,5,16.84020089410062,8.423354038010357
2012-05-16,74.61216142000501,Hazelrigg,2012,5,14.902069351620929,6.79712771355811
2012-05-16,56.90716021987018,Ainsdale,2012,5,15.494664034158701,7.796217996671477
2012-06-16,149.29124339109626,Wytham,2012,6,17.73451765749996,10.734447903366638
2012-06-16,146.71349902682894,Hazelrigg,2012,6,15.890343094136085,9.634018461939146
2012-06-16,148.34246660617035,Ainsdale,2012,6,16.35691078363819,10.71095709347597
2012-07-16,100.52352362423329,Wytham,2012,7,20.074326245530777,12.081587366079088
2012-07-16,129.06366645760514,Hazelrigg,2012,7,17.429592292975222,11.835707010916012
2012-07-16,115.12979869291958,Ainsdale,2012,7,17.943739309736838,12.68786143019118
2012-08-16,85.59418438081573,Wytham,2012,8,21.242293103309198,13.020379128328742
2012-08-16,174.26208249540787,Hazelrigg,2012,8,19.03429768599552,12.650102168540284
2012-08-16,102.19514515346897,Ainsdale,2012,8,19.708468807458846,13.61338804154853
2012-09-16,66.10236528122752,Wytham,2012,9,17.9695045365275,8.778192068677996
2012-09-16,190.6934204541023,Hazelrigg,2012,9,15.217943998617045,9.708533323554331
2012-09-16,181.43756215072216,Ainsdale,2012,9,16.010665831794064,10.486572836058391
2012-10-16,121.97112455660995,Wytham,2012,10,12.781300806950556,6.747433593158816
2012-10-16,160.42213100620359,Hazelrigg,2012,10,12.29404419038121,6.281099202991006
2012-10-16,100.37481591796623,Ainsdale,2012,10,12.784246569413963,6.894702826769742
2012-11-16,107.07850526245983,Wytham,2012,11,9.520937163741275,3.7235377116833233
2012-11-16,147.13559704577628,Hazelrigg,2012,11,9.289596749391489,4.154372526471716
2012-11-16,128.31808006583603,Ainsdale,2012,11,9.93131454794944,4.869792933716712
2012-12-16,119.02896298199158,Wytham,2012,12,7.945316818297396,2.0493933745322956
2012-12-16,190.42916171946956,Hazelrigg,2012,12,6.89038062400045,1.7338375217250592
2012-12-16,150.1507953828957,Ainsdale,2012,12,7.682387642022013,2.7373686415221234
2013-01-16,73.13147720453401,Wytham,2013,1,5.6861744025570395,1.4135603265706282
2013-01-16,70.6691422402958,Hazelrigg,2013,1,5.5397982226158895,1.6651423025143126
2013-01-16,67.15595970728346,Ainsdale,2013,1,6.253429449275823,2.1893912997249623
2013-02-16,52.46156153680241,Wytham,2013,2,5.573021113387083,0.40335586193838574
2013-02-16,49.34022362944848,Hazelrigg,2013,2,6.029840109043386,0.4325294517644567
2013-02-16,49.88827390847768,Ainsdale,2013,2,6.53405242724833,1.3196633163785707
2013-03-16,83.3077709827488,Wytham,2013,3,5.593275784161106,-0.03938561181207101
2013-03-16,47.43703100060152,Hazelrigg,2013,3,5.52358141619571,-0.525256536540449
2013-03-16,40.532035874313976,Ainsdale,2013,3,6.156097130744265,-0.023404266806125423
2013-04-16,27.766806206667074,Wytham,2013,4,12.123445417206494,3.432238122304253
2013-04-16,29.783192578955408,Hazelrigg,2013,4,10.2880646144754,2.960965174333917
2013-04-16,18.281482096497538,Ainsdale,2013,4,10.800583785724987,3.9906218739081813
2013-05-16,65.41861031676974,Wytham,2013,5,15.159871332473486,6.225892400909388
2013-05-16,69.3866442014384,Hazelrigg,2013,5,13.304665643773337,6.370274971804043
2013-05-16,53.061908891155056,Ainsdale,2013,5,13.824675161645237,7.293644620243696
2013-06-16,18.694836033592644,Wytham,2013,6,18.50192251468388,9.791930973124527
2013-06-16,77.18119197391509,Hazelrigg,2013,6,17.074691276567684,9.36756058298582
2013-06-16,54.11312145655003,Ainsdale,2013,6,17.50500910451871,10.381773806106574
2013-07-16,43.8721735162186,Wytham,2013,7,24.909638385953713,13.25507336281584
2013-07-16,85.8967029775976,Hazelrigg,2013,7,21.410160512648027,13.286957965282786
2013-07-16,64.93656734841427,Ainsdale,2013,7,22.136806088331372,13.612086347823947
2013-08-16,23.80845093425624,Wytham,2013,8,22.299770579964626,12.757885155565365
2013-08-16,125.42187075146578,Hazelrigg,2013,8,19.29442426184967,12.938775937938232
2013-08-16,65.57117276630618,Ainsdale,2013,8,20.01485978385011,14.003762785186659
2013-09-16,50.731406654356334,Wytham,2013,9,18.40044304639976,9.813060577000922
2013-09-16,106.26495351873118,Hazelrigg,2013,9,16.103237552172864,10.277721528543173
2013-09-16,61.98720112366262,Ainsdale,2013,9,17.108544431812135,11.004046682061634
2013-10-16,103.57832622610675,Wytham,2013,10,15.578999873866334,9.744373451564611
2013-10-16,119.52141156496006,Hazelrigg,2013,10,14.593737486088141,9.84422041047184
2013-10-16,93.1359600401596,Ainsdale,2013,10,15.325687562683866,10.414916625763768
2013-11-16,60.83150661207404,Wytham,2013,11,9.242069009057392,3.417842326855719
2013-11-16,75.5883759998807,Hazelrigg,2013,11,9.069600988282286,3.1904425656279294
2013-11-16,60.71888527976291,Ainsdale,2013,11,9.838095330613704,4.549817875242001
2013-12-16,106.58727395883228,Wytham,2013,12,9.429889267739396,2.9912938739911117
2013-12-16,125.01229550018381,Hazelrigg,2013,12,9.104021925976888,4.180494390614332
2013-12-16,64.03961337388097,Ainsdale,2013,12,9.784735542214483,5.156765131257936
2014-01-16,162.8168153050102,Wytham,2014,1,8.741159205107746,2.8517856356186124
2014-01-16,159.3177063610992,Hazelrigg,2014,1,7.6915209936045335,3.5149857078064017
2014-01-16,107.76741051655513,Ainsdale,2014,1,8.310057449606953,4.0800531818526595
2014-02-16,109.28266737560017,Wytham,2014,2,9.03372660206916,3.6595385882270453
2014-02-16,117.88716074872045,Hazelrigg,2014,2,8.22127452804926,3.70465732185334
2014-02-16,73.25919429337928,Ainsdale,2014,2,8.789326605439026,4.375444189648689
2014-03-16,39.77034203046892,Wytham,2014,3,12.242425653977023,3.1860410574030946
2014-03-16,75.38090435994052,Hazelrigg,2014,3,10.48479581106158,3.996560462046575
2014-03-16,51.087503551851405,Ainsdale,2014,3,11.10390134001912,4.51037807063595
2014-04-16,63.20961130873821,Wytham,2014,4,14.451352393497972,6.027032310970801
2014-04-16,33.80958742980962,Hazelrigg,2014,4,13.326265939339823,6.677937930257857
2014-04-16,30.928385510142878,Ainsdale,2014,4,13.880566352656983,7.569483161332194
2014-05-16,97.49745429170649,Wytham,2014,5,16.610103576076455,8.48027408645524
2014-05-16,72.86917938510409,Hazelrigg,2014,5,14.937129564989544,8.768188993806667
2014-05-16,77.05740380170688,Ainsdale,2014,5,15.684943950296697,9.463964232559842
2014-06-16,32.507925981505934,Wytham,2014,6,20.57948682053322,11.078251505596917
2014-06-16,35.071141075591875,Hazelrigg,2014,6,18.35594899612142,10.881436549619302
2014-06-16,44.42858596270148,Ainsdale,2014,6,18.543026337284896,11.77554746334925
2014-07-16,47.32860133069084,Wytham,2014,7,24.03519005715781,12.957496606593093
2014-07-16,68.85140907784763,Hazelrigg,2014,7,20.69230307317346,12.77485919462348
2014-07-16,58.408704202281335,Ainsdale,2014,7,21.216088577503328,13.427062411850443
2014-08-16,99.94471417079185,Wytham,2014,8,19.89221056053384,11.136249503947752
2014-08-16,98.89019102348763,Hazelrigg,2014,8,17.471482035845227,11.324870141021583
2014-08-16,85.70509019342732,Ainsdale,2014,8,18.185631561965135,12.433004183314322
2014-09-16,4.575956529161207,Wytham,2014,9,20.31719258336125,10.932230614491376
2014-09-16,18.454723425536123,Hazelrigg,2014,9,18.40195007058783,10.876100355550548
2014-09-16,10.727499303940988,Ainsdale,2014,9,19.190713227893873,11.122012857033825
2014-10-16,77.24115631070086,Wytham,2014,10,15.9557519676255,9.632737823617758
2014-10-16,151.78914054072598,Hazelrigg,2014,10,14.717069148867445,8.946429324550197
2014-10-16,76.1520584554702,Ainsdale,2014,10,15.484729472652205,9.41864929400503
2014-11-16,100.42171842989443,Wytham,2014,11,11.098197149990575,5.6045083804781655
2014-11-16,98.57232992058249,Hazelrigg,2014,11,11.145034806075358,6.387910616356447
2014-11-16,54.924800338517215,Ainsdale,2014,11,11.520276230494423,6.7851009449494954
2014-12-16,50.04631170667715,Wytham,2014,12,8.224152949838029,2.083295150429156
2014-12-16,98.28973233625658,Hazelrigg,2014,12,7.756674399041367,2.576069328495466
2014-12-16,89.29610062658516,Ainsdale,2014,12,8.716700035608659,3.6707520460911747
2015-01-16,65.47740010317393,Wytham,2015,1,7.838038611768373,1.2693939698398968
2015-01-16,116.67617253504137,Hazelrigg,2015,1,6.871111629406795,2.090416579394387
2015-01-16,61.02582708334653,Ainsdale,2015,1,7.451884533351876,2.7497977345046665
2015-02-16,52.04628348355218,Wytham,2015,2,6.854883763124522,0.7314615165186473
2015-02-16,62.89304948477232,Hazelrigg,2015,2,6.779977409217844,1.6634302672477697
2015-02-16,34.08992038598629,Ainsdale,2015,2,7.174937288080318,2.1748506253297046
2015-03-16,30.372884056396828,Wytham,2015,3,10.499842202956613,2.995323992749083
2015-03-16,97.04662372110228,Hazelrigg,2015,3,8.902834239282706,2.6696942419524707
2015-03-16,68.56514642891422,Ainsdale,2015,3,9.272606762017995,3.2642106691913484
2015-04-16,24.370419160539413,Wytham,2015,4,14.998523249828963,4.266326227636629
2015-04-16,46.14979164238136,Hazelrigg,2015,4,12.196723587847865,3.8790955520249764
2015-04-16,34.94254090759329,Ainsdale,2015,4,12.721626888761785,4.7359958617289255
2015-05-16,58.11114395361003,Wytham,2015,5,15.771173439475888,7.269990551063166
2015-05-16,125.22164291955433,Hazelrigg,2015,5,12.715378201945505,7.016494853596268
2015-05-16,88.9707436107255,Ainsdale,2015,5,13.43558524938133,8.173023463206723
2015-06-16,30.850447835544706,Wytham,2015,6,20.080828389226475,9.627660552630012
2015-06-16,47.41995725473275,Hazelrigg,2015,6,16.99325779265064,9.521134518090992
2015-06-16,31.54207844626329,Ainsdale,2015,6,17.617969776673657,10.483165100306291
2015-07-16,60.6565745300359,Wytham,2015,7,21.626822622869213,11.881796405177191
2015-07-16,90.96184473659393,Hazelrigg,2015,7,18.059335842683705,11.589270923855668
2015-07-16,90.51608208062214,Ainsdale,2015,7,18.68121680813887,12.411110741852658
2015-08-16,61.21739646324424,Wytham,2015,8,20.46316442184569,12.376592903089058
2015-08-16,81.95733366331211,Hazelrigg,2015,8,18.667064189000246,11.841610197084304
2015-08-16,62.501440819699575,Ainsdale,2015,8,19.26751124443323,12.665495875814674
2015-09-16,43.65945978063525,Wytham,2015,9,17.52749574614427,8.44571569627154
2015-09-16,38.170962023981446,Hazelrigg,2015,9,16.20874363806511,8.805845855555459
2015-09-16,44.40890917712727,Ainsdale,2015,9,16.930514579546518,9.30336720264704
2015-10-16,55.72736103593935,Wytham,2015,10,14.508921792821491,7.587424481651983
2015-10-16,66.79355064052086,Hazelrigg,2015,10,13.99224732170586,7.514265648107432
2015-10-16,52.77319329835653,Ainsdale,2015,10,14.740259929920365,7.856055039354052
2015-11-16,80.43277606094819,Wytham,2015,11,12.391680005016541,6.9839520432509286
2015-11-16,261.1893607018993,Hazelrigg,2015,11,11.566463734186502,6.5381562276176926
2015-11-16,147.43662938103498,Ainsdale,2015,11,12.371366382630537,7.660540196551952
2015-12-16,72.97504234217963,Wytham,2015,12,12.605677299845137,7.9564698565558505
2015-12-16,326.55964776218,Hazelrigg,2015,12,11.502129368127203,6.093699811650676
2015-12-16,188.7217329587109,Ainsdale,2015,12,12.255588448660387,7.2326573193687524
2016-01-16,96.7829729429833,Wytham,2016,1,8.633735507542125,2.4495842395438765
2016-01-16,143.99116614195808,Hazelrigg,2016,1,7.92484604133886,3.1687141979622786
2016-01-16,123.95279676552305,Ainsdale,2016,1,8.555214395335314,3.7349190975969826
2016-02-16,55.6589265247412,Wytham,2016,2,8.34593382487729,2.009721103097392
2016-02-16,124.09658013756581,Hazelrigg,2016,2,7.4380416223026335,1.6654218381017265
2016-02-16,69.99123280630367,Ainsdale,2016,2,8.1834209867277945,2.5367813864516755
2016-03-16,81.73608781369137,Wytham,2016,3,9.439104852424173,1.718424714086531
2016-03-16,78.09828103941658,Hazelrigg,2016,3,9.079919127516373,2.5957401959196185
2016-03-16,51.888615246071346,Ainsdale,2016,3,9.452762654498272,3.271925809774907
2016-04-16,55.79382657691845,Wytham,2016,4,12.1694991997874,3.5450760311197302
2016-04-16,62.648737775101885,Hazelrigg,2016,4,10.553986312285506,3.398190642760252
2016-04-16,71.49557554306843,Ainsdale,2016,4,11.062297219369576,4.345714254042197
2016-05-16,79.53567632188057,Wytham,2016,5,17.56304898180941,8.203132307983669
2016-05-16,37.21446592465777,Hazelrigg,2016,5,16.287167704984917,8.20657707290498
2016-05-16,39.30975100218413,Ainsdale,2016,5,16.7601936769316,8.9877102397639
2016-06-16,86.76910115333541,Wytham,2016,6,19.378023126533307,11.617247689017233
2016-06-16,149.90807436479255,Hazelrigg,2016,6,18.373550287426987,11.625422330948226
2016-06-16,88.44779158847622,Ainsdale,2016,6,18.832466374976043,12.607684163073062
2016-07-16,6.641040512447221,Wytham,2016,7,22.317257178122084,13.032495006986878
2016-07-16,100.76941762344637,Hazelrigg,2016,7,18.498383484845945,12.657696164954638
2016-07-16,54.73300329622223,Ainsdale,2016,7,19.196751094563762,13.771798169611897
2016-08-16,46.38836960387516,Wytham,2016,8,22.590529608838263,13.041956522836468
2016-08-16,155.7067125088161,Hazelrigg,2016,8,18.779498058050567,12.91662085379488
2016-08-16,71.93550041482044,Ainsdale,2016,8,19.773840226279493,13.948389937572701
2016-09-16,50.085371081815225,Wytham,2016,9,20.21968779307379,12.588028357864273
2016-09-16,94.55056259091543,Hazelrigg,2016,9,18.299837123078948,12.423739612005987
2016-09-16,58.263859444449935,Ainsdale,2016,9,19.148400526172257,13.09503611385053
2016-10-16,21.019548839841313,Wytham,2016,10,14.430309522689473,7.0717833345481695
2016-10-16,23.691478195667077,Hazelrigg,2016,10,13.861507526121947,7.696608162682496
2016-10-16,21.759625059226476,Ainsdale,2016,10,14.434625072959332,7.785285348133993
2016-11-16,91.64149613683551,Wytham,2016,11,8.93444934473289,2.8147292597262217
2016-11-16,156.1300644850965,Hazelrigg,2016,11,8.261984102423442,2.2110600496023864
2016-11-16,104.07484865636086,Ainsdale,2016,11,9.065492702444338,3.128638976512453
2016-12-16,30.029710940440676,Wytham,2016,12,9.015004603363279,2.558883809425131
2016-12-16,71.96801881703566,Hazelrigg,2016,12,9.165487329059472,4.371158789961933
2016-12-16,45.38209300212158,Ainsdale,2016,12,9.741332228499557,4.9070052328131695
2017-01-16,72.46910332595766,Wytham,2017,1,6.796177522205572,0.4888862940400387
2017-01-16,65.92230894302038,Hazelrigg,2017,1,6.838848661877057,2.2156828985647965
2017-01-16,48.909617558628426,Ainsdale,2017,1,7.269980870926204,2.906938489774083
2017-02-16,37.02532340891255,Wytham,2017,2,8.733827584059064,3.6809568798315073
2017-02-16,79.07245855510047,Hazelrigg,2017,2,8.183185951364338,3.815530237054902
2017-02-16,59.266897780463886,Ainsdale,2017,2,8.897358663559196,4.424131891570046
2017-03-16,45.32304789873969,Wytham,2017,3,12.794236309732975,5.3341669084535255
2017-03-16,96.95125979836448,Hazelrigg,2017,3,10.878305019638914,4.90570439610223
2017-03-16,75.74228657414722,Ainsdale,2017,3,11.547675184497102,5.505213887469536
2017-04-16,7.350369630464424,Wytham,2017,4,14.200365997808792,4.201222097858849
2017-04-16,20.787539441130527,Hazelrigg,2017,4,11.648591154115593,5.169202043179207
2017-04-16,15.263233294467344,Ainsdale,2017,4,12.103611606322902,6.651110879718818
2017-05-16,82.30280820309565,Wytham,2017,5,18.18300520106805,9.109704119288656
2017-05-16,50.048871071768275,Hazelrigg,2017,5,16.966645861866446,8.559958953950447
2017-05-16,32.90707796957039,Ainsdale,2017,5,17.654483614436817,9.17355578351139
2017-06-16,36.97219250098884,Wytham,2017,6,21.562858690023393,12.338875707724565
2017-06-16,142.47707847894137,Hazelrigg,2017,6,17.81407302966844,11.66383247798687
2017-06-16,81.85921085036759,Ainsdale,2017,6,18.51261204597063,12.703209617004633
2017-07-16,82.49221680538403,Wytham,2017,7,22.257000141656878,13.312887796037792
2017-07-16,152.66261535192592,Hazelrigg,2017,7,18.508123743991995,12.137511781972762
2017-07-16,76.44234590341624,Ainsdale,2017,7,19.421202353837497,12.981838735888882
2017-08-16,70.44262031445007,Wytham,2017,8,20.453314422946214,11.977362587489205
2017-08-16,108.55197341347576,Hazelrigg,2017,8,17.966659336309682,11.965322483385014
2017-08-16,92.42729235736431,Ainsdale,2017,8,18.74495000749548,13.166774450765315
2017-09-16,84.21713471554601,Wytham,2017,9,17.73917162000265,10.04054719781331
2017-09-16,151.175576000699,Hazelrigg,2017,9,16.09431542635558,10.313947642910673
2017-09-16,125.64204680087441,Ainsdale,2017,9,16.7840381486471,11.070453366255455
2017-10-16,17.77375378042813,Wytham,2017,10,15.660849441588015,9.350197646092784
2017-10-16,175.85960586352354,Hazelrigg,2017,10,14.34933360554876,9.706217542444627
2017-10-16,85.34485798889261,Ainsdale,2017,10,15.046614427156939,10.416518632947177
2017-11-16,58.67260141570308,Wytham,2017,11,10.123045215204579,3.418089770917438
2017-11-16,182.9503058595928,Hazelrigg,2017,11,9.742993938415882,4.116015993043948
2017-11-16,102.84360703792656,Ainsdale,2017,11,10.456793784607877,5.671967947481725
2017-12-16,97.01444351297485,Wytham,2017,12,7.7094155558596045,2.1770396467967075
2017-12-16,120.72010226656734,Hazelrigg,2017,12,7.101636406415077,2.225766832272031
2017-12-16,99.37615583210679,Ainsdale,2017,12,8.082423784963275,3.3695189417146763
2018-01-16,68.58098820051698,Wytham,2018,1,8.45040500736613,2.715491293067476
2018-01-16,110.96556192418569,Hazelrigg,2018,1,6.952710303649126,2.544481694319551
2018-01-16,96.28058451716355,Ainsdale,2018,1,7.717713594074432,3.047889088537488
2018-02-16,25.27719598313652,Wytham,2018,2,5.808744504869772,-0.2522356264296608
2018-02-16,76.23668498537995,Hazelrigg,2018,2,5.611058924053884,0.430094693247701
2018-02-16,38.522479310126165,Ainsdale,2018,2,6.314513809382912,1.0539241389145153
2018-03-16,104.82644801568301,Wytham,2018,3,8.400443252583123,2.0136147820870853
2018-03-16,55.1368438603147,Hazelrigg,2018,3,7.305213558630999,1.6509171608298772
2018-03-16,65.98650384444467,Ainsdale,2018,3,7.849584849573961,2.2794713802495195
2018-04-16,58.74060293274886,Wytham,2018,4,13.582241311338809,7.057531602504841
2018-04-16,87.06469330845704,Hazelrigg,2018,4,12.085509769992013,5.622741628619707
2018-04-16,82.46628469122423,Ainsdale,2018,4,12.575539406187987,6.466093677704947
2018-05-16,105.71126847787802,Wytham,2018,5,19.156114491866486,8.212398709512728
2018-05-16,30.473459332590235,Hazelrigg,2018,5,17.36371974178843,8.232891821038487
2018-05-16,39.923086609380995,Ainsdale,2018,5,17.9237392685117,8.527079003744454
2018-06-16,2.0926122075368134,Wytham,2018,6,22.045687429526247,11.260597564728092
2018-06-16,20.835804581884332,Hazelrigg,2018,6,20.041110979716223,11.062412330706051
2018-06-16,13.008698964934679,Ainsdale,2018,6,20.555648299825855,11.811121077925629
2018-07-16,22.68308134361733,Wytham,2018,7,26.58393736545861,13.78133547200315
2018-07-16,48.828965503633256,Hazelrigg,2018,7,21.797718029961974,12.900449315430718
2018-07-16,62.09446255548665,Ainsdale,2018,7,22.455917621743232,13.462045273170789
2018-08-16,49.30035020213289,Wytham,2018,8,22.45937840676758,12.63779909101714
2018-08-16,79.52158729046711,Hazelrigg,2018,8,18.36144628876736,12.727988350011696
2018-08-16,46.27954109282465,Ainsdale,2018,8,19.413405079514288,13.72956147357701
2018-09-16,28.772304420253967,Wytham,2018,9,19.24637020490378,9.590705529285383
2018-09-16,130.2261050502105,Hazelrigg,2018,9,15.75420052751266,9.993336597673169
2018-09-16,106.86836423618745,Ainsdale,2018,9,16.81605062578133,10.825227084736987
2018-10-16,58.38182823686419,Wytham,2018,10,14.880123292242846,6.780807361960186
2018-10-16,106.94825320198112,Hazelrigg,2018,10,13.324647598879682,7.140090831254227
2018-10-16,70.19261031283713,Ainsdale,2018,10,14.065034426465951,7.766604045414546
2018-11-16,63.781966326250384,Wytham,2018,11,11.0655923171981,5.22941639149486
2018-11-16,67.07721302111854,Hazelrigg,2018,11,10.685116216973089,5.919640989713184
2018-11-16,50.067401695239184,Ainsdale,2018,11,11.225987727115633,6.430965509160232
2018-12-16,83.25722809254704,Wytham,2018,12,9.641885336804483,4.451086149287898
2018-12-16,149.32386036328168,Hazelrigg,2018,12,8.564308606891782,4.328408233163371
2018-12-16,110.29152458055309,Ainsdale,2018,12,9.380148345644066,5.474011716001835
2019-01-16,30.232728503455878,Wytham,2019,1,6.592664723503329,0.8662893918649619
2019-01-16,58.85245725791245,Hazelrigg,2019,1,6.196730436894193,1.8972260222420316
2019-01-16,55.48074175609249,Ainsdale,2019,1,6.91395926507749,2.8307544307486774
2019-02-16,38.6198231629748,Wytham,2019,2,11.21608846735452,1.9391098604735595
2019-02-16,63.732263788744746,Hazelrigg,2019,2,10.389722819184454,3.3601808602027265
2019-02-16,39.23235050214358,Ainsdale,2019,2,11.068623331605455,3.7875826090846303
2019-03-16,41.96418091295593,Wytham,2019,3,11.827521356611477,4.757059628164866
2019-03-16,152.1906394685473,Hazelrigg,2019,3,9.676143196324045,4.462787190132412
2019-03-16,101.37476930662582,Ainsdale,2019,3,10.509863094973014,5.45415488248235
2019-04-16,25.979065820170486,Wytham,2019,4,14.249286235170892,4.092520690240777
2019-04-16,53.25218835772571,Hazelrigg,2019,4,13.7692544630259,5.013273111516657
2019-04-16,60.92904630347053,Ainsdale,2019,4,14.193838493230253,5.749867199070706
2019-05-16,26.774947576349266,Wytham,2019,5,17.049081224464544,6.584193733873726
2019-05-16,35.67979325495158,Hazelrigg,2019,5,14.329232898704266,7.108026140437826
2019-05-16,31.592488473449272,Ainsdale,2019,5,14.86899553075694,8.296716121491961
2019-06-16,97.9227157387563,Wytham,2019,6,19.399166857356455,10.436712007171526
2019-06-16,101.33388756591785,Hazelrigg,2019,6,17.18230571646665,10.293829322124758
2019-06-16,122.65487939075695,Ainsdale,2019,6,17.477893762091856,11.251786859676752
2019-07-16,46.34042999800897,Wytham,2019,7,23.453707252028927,13.169032783307655
2019-07-16,134.04778728922372,Hazelrigg,2019,7,20.111927541617554,13.453577610894001
2019-07-16,125.90309477944487,Ainsdale,2019,7,20.552347111876053,14.10878625169099
2019-08-16,61.88797604748085,Wytham,2019,8,22.749807603631872,12.783741965715242
2019-08-16,144.18237967840116,Hazelrigg,2019,8,19.19547178044447,13.564799733793569
2019-08-16,80.16786200357818,Ainsdale,2019,8,19.90108489235379,14.49121555375113
2019-09-16,90.74985693644659,Wytham,2019,9,19.546592253090015,10.144290778693174
2019-09-16,186.77057337936918,Hazelrigg,2019,9,16.413199866299138,10.540941941480892
2019-09-16,137.09770674892363,Ainsdale,2019,9,17.349580825214083,11.415950832257618
2019-10-16,131.1155803541967,Wytham,2019,10,13.777495263570131,7.085382175189035
2019-10-16,120.04749686204539,Hazelrigg,2019,10,12.23746175117064,6.807064254634837
2019-10-16,125.39242912877464,Ainsdale,2019,10,13.066568507805219,7.286124034815131
2019-11-16,121.03265074864561,Wytham,2019,11,8.93546541830249,3.729040825261168
2019-11-16,78.02033604931438,Hazelrigg,2019,11,8.391539642614482,3.7831206701873827
2019-11-16,89.68321799777944,Ainsdale,2019,11,8.993820863993589,4.55503395445104
2019-12-16,99.96748234738564,Wytham,2019,12,8.817396115078427,3.161213172034773
2019-12-16,130.40352109276688,Hazelrigg,2019,12,7.969044127427856,3.363284860251539
2019-12-16,99.69351995165675,Ainsdale,2019,12,8.805919025480355,4.139875238757993
2020-01-16,62.10145773164054,Wytham,2020,1,8.986780239609182,4.115451116434469
2020-01-16,106.41536535792906,Hazelrigg,2020,1,8.311712177720521,3.895669462881377
2020-01-16,51.154444455461466,Ainsdale,2020,1,9.002741528952718,4.639922499445275
2020-02-16,109.67239734691897,Wytham,2020,2,9.827715395574756,3.4202012002000837
2020-02-16,255.57682203112776,Hazelrigg,2020,2,8.210582272769681,3.376856613200772
2020-02-16,152.12375172858245,Ainsdale,2020,2,8.998066980505843,4.2183062264160736
2020-03-16,41.49153915106186,Wytham,2020,3,10.715381982818682,2.733869610856642
2020-03-16,81.9030474150972,Hazelrigg,2020,3,10.0866579693865,3.148667629015873
2020-03-16,46.833683266107556,Ainsdale,2020,3,10.58029788434325,3.621252602005358
2020-04-16,44.12275915693096,Wytham,2020,4,16.809743302001234,5.156542487045286
2020-04-16,16.240784123801987,Hazelrigg,2020,4,14.372982314206322,5.305489710927756
2020-04-16,18.87298947671485,Ainsdale,2020,4,15.002067817220983,6.130369887146601
2020-05-16,2.790554062288274,Wytham,2020,5,19.372705939000195,7.136861450180589
2020-05-16,28.844595115652957,Hazelrigg,2020,5,16.144775096065327,7.226061008064415
2020-05-16,3.1699677787451086,Ainsdale,2020,5,17.040334117244043,8.103456627839224
2020-06-16,67.92791654229605,Wytham,2020,6,20.686727060134544,11.212836394141553
2020-06-16,111.09030746271324,Hazelrigg,2020,6,18.343979812586955,11.378658367949157
2020-06-16,103.9334174617028,Ainsdale,2020,6,18.785398678365965,12.085141574820724
2020-07-16,65.5853757861074,Wytham,2020,7,21.478786732941995,12.168875890861296
2020-07-16,171.1666284460046,Hazelrigg,2020,7,17.056408096409708,11.662420596375538
2020-07-16,116.17469127269428,Ainsdale,2020,7,17.728833350691502,12.746215376514115
2020-08-16,114.49793415528687,Wytham,2020,8,22.864076829986193,14.035882103630225
2020-08-16,192.94812074683418,Hazelrigg,2020,8,19.5900158552716,13.100498893421086
2020-08-16,131.5753120791854,Ainsdale,2020,8,20.125300527299835,13.862691645309164
2020-09-16,24.326959236335387,Wytham,2020,9,19.44148336643925,9.784321019072147
2020-09-16,76.19361142935811,Hazelrigg,2020,9,16.52463782936509,9.523713912885915
2020-09-16,59.5134220732928,Ainsdale,2020,9,17.570628096762647,10.122535915722437
2020-10-16,190.02451913169813,Wytham,2020,10,13.660370132596565,7.913543719124515
2020-10-16,197.89707772660145,Hazelrigg,2020,10,12.82517544381316,7.4729385933824934
2020-10-16,160.70857866936944,Ainsdale,2020,10,13.49273539635272,7.996876364032298
2020-11-16,40.922179758542164,Wytham,2020,11,11.426063526707186,5.561475215161063
2020-11-16,134.1235134334939,Hazelrigg,2020,11,11.137647832378601,6.335312914084004
2020-11-16,79.0600847933593,Ainsdale,2020,11,11.83005243195982,7.231796858182012
2020-12-16,102.32566819322417,Wytham,2020,12,7.480049894844815,2.664340730329847
2020-12-16,135.4364737361859,Hazelrigg,2020,12,7.094967745586434,2.4521507250124155
2020-12-16,121.53022739802378,Ainsdale,2020,12,7.965221555411312,3.540962450167303
2021-01-16,113.95163020330347,Wytham,2021,1,6.0668807590407665,0.9010410662250239
2021-01-16,174.25687061342273,Hazelrigg,2021,1,5.236078854443348,0.3814547412596214
2021-01-16,173.0862883182736,Ainsdale,2021,1,6.027280441046703,1.3182965657581784
2021-02-16,55.26389349541221,Wytham,2021,2,8.35102615302405,2.1454292946314397
2021-02-16,103.78435758791245,Hazelrigg,2021,2,7.405986846120006,2.225195038376704
2021-02-16,61.04723608288286,Ainsdale,2021,2,8.169334059170001,2.7208525630873455
2021-03-16,29.998658477503167,Wytham,2021,3,10.912676746570067,3.469691074283386
2021-03-16,121.95075858531926,Hazelrigg,2021,3,9.749401969342603,3.9696864730621337
2021-03-16,68.51944480240996,Ainsdale,2021,3,10.194313906948969,4.72637429151704
2021-04-16,42.03886258453919,Wytham,2021,4,11.809546411277893,1.1887891582349792
2021-04-16,10.967866311084386,Hazelrigg,2021,4,11.12739864822237,1.719009381808283
2021-04-16,7.225148248345475,Ainsdale,2021,4,11.61703435923325,2.6255524796388077
2021-05-16,102.15332291889078,Wytham,2021,5,14.935015226585529,6.239608894200207
2021-05-16,105.27348042588116,Hazelrigg,2021,5,13.468529866809035,6.020214718278052
2021-05-16,99.65699115361961,Ainsdale,2021,5,13.97496668134917,6.966829331212565
2021-06-16,65.71260163125439,Wytham,2021,6,20.59521670486023,11.806534702872652
2021-06-16,28.886326518951414,Hazelrigg,2021,6,18.759342527053796,10.706982773919076
2021-06-16,17.181864329922742,Ainsdale,2021,6,19.26554128979619,11.56692807111782
2021-07-16,63.17914901439492,Wytham,2021,7,23.033462745889338,13.80304443482164
2021-07-16,104.31010670018742,Hazelrigg,2021,7,20.69738524091584,13.47575316868987
2021-07-16,70.12090998792868,Ainsdale,2021,7,21.089326367544174,14.060616926091265
2021-08-16,55.46799969455128,Wytham,2021,8,20.204165360325952,12.582426283926042
2021-08-16,61.40530330564863,Hazelrigg,2021,8,18.466746261509172,12.392441925896353
2021-08-16,47.20226923322502,Ainsdale,2021,8,19.045734498236566,13.181565219705039
2021-09-16,57.8949902532265,Wytham,2021,9,20.888061700479707,11.782902053653993
2021-09-16,101.62486209382777,Hazelrigg,2021,9,18.506904329003028,12.243009319933988
2021-09-16,63.801268922879025,Ainsdale,2021,9,19.47366177022771,12.819535240181331
2021-10-16,97.99548608418088,Wytham,2021,10,15.504860474591075,9.27214811058205
2021-10-16,233.10210869105933,Hazelrigg,2021,10,14.043999408391022,9.188275638339611
2021-10-16,121.13280626753486,Ainsdale,2021,10,14.968301804985078,10.05306092216914
2021-11-16,17.765038767388717,Wytham,2021,11,10.335959900545864,3.980384499413986
2021-11-16,68.35392268651438,Hazelrigg,2021,11,10.353249159340876,4.844922748511067
2021-11-16,58.82913387313049,Ainsdale,2021,11,11.129715502277149,6.111161488899277
2021-12-16,77.9580505453336,Wytham,2021,12,9.152169716673125,4.583036115431147
2021-12-16,160.8690257946843,Hazelrigg,2021,12,7.960709209135068,3.5874486633723226
2021-12-16,126.98840553768906,Ainsdale,2021,12,8.807761150087975,4.784670976631965
2022-01-16,20.492991521778446,Wytham,2022,1,7.902332478563037,1.0688091085842657
2022-01-16,48.17044988747888,Hazelrigg,2022,1,7.801369689419743,2.623273715731269
2022-01-16,40.97189697877912,Ainsdale,2022,1,8.349906672726922,3.4162698961537914
2022-02-16,66.31398111483479,Wytham,2022,2,10.41046946755551,3.61600537168062
2022-02-16,172.87617765750684,Hazelrigg,2022,2,8.81258590467402,3.652964595158735
2022-02-16,113.93285432733647,Ainsdale,2022,2,9.653129263955785,4.820822304034625
2022-03-16,45.70712835351972,Wytham,2022,3,12.054305094022896,3.657442338172446
2022-03-16,42.06016815983714,Hazelrigg,2022,3,11.909209577261164,3.8997181056046815
2022-03-16,18.500564027540875,Ainsdale,2022,3,12.286467176593028,4.085853886333176
2022-04-16,15.329650688593889,Wytham,2022,4,14.472555441795372,4.318079732347178
2022-04-16,52.80940863707143,Hazelrigg,2022,4,12.755043034850596,4.587272875560208
2022-04-16,29.91215359805064,Ainsdale,2022,4,13.342139144153727,5.338044556061284
2022-05-16,45.91807978105001,Wytham,2022,5,18.16292609288575,9.045041019892347
2022-05-16,75.60487552959064,Hazelrigg,2022,5,15.352327803452694,9.347283260634347
2022-05-16,56.14850233344034,Ainsdale,2022,5,16.085020130406885,10.519662642545835
2022-06-16,47.505670696421255,Wytham,2022,6,20.882046544902202,10.35135438671639
2022-06-16,85.40791716778693,Hazelrigg,2022,6,17.886046692602626,10.511247042900681
2022-06-16,61.42032569512289,Ainsdale,2022,6,18.458476691502437,11.272787806245105
2022-07-16,6.695952671093951,Wytham,2022,7,25.008384530305825,13.255624627945501
2022-07-16,89.80579108666021,Hazelrigg,2022,7,19.89887472473779,13.36911639518269
2022-07-16,47.919135888613624,Ainsdale,2022,7,20.6037682350196,14.190475615954997
2022-08-16,8.015040562680541,Wytham,2022,8,25.378674187670537,13.691701158003895
2022-08-16,47.63035462784315,Hazelrigg,2022,8,21.16156419671394,13.235956921965613
2022-08-16,38.02710534279529,Ainsdale,2022,8,22.04402614508504,13.994562181120045
2022-09-16,66.23218208225238,Wytham,2022,9,19.167969948707334,10.638765179571259
2022-09-16,99.11949829040263,Hazelrigg,2022,9,17.676575741982965,10.518053930176222
2022-09-16,99.01079729777182,Ainsdale,2022,9,18.526326052103407,11.296701126190607
2022-10-16,106.36207837562964,Wytham,2022,10,17.110880329172737,9.393277689220056
2022-10-16,116.44944662501176,Hazelrigg,2022,10,15.084663916646202,9.811298181449342
2022-10-16,88.02102854705804,Ainsdale,2022,10,15.782210714448574,10.332359527039014
2022-11-16,120.89730396522133,Wytham,2022,11,12.063730208326529,6.919911687303282
2022-11-16,161.41923911480103,Hazelrigg,2022,11,11.37362249854518,6.794045738249072
2022-11-16,102.48019018216819,Ainsdale,2022,11,12.0056122453269,7.553882355310443
2022-12-16,70.9170776549367,Wytham,2022,12,6.656292129735337,0.41767643944822774
2022-12-16,112.71923342481398,Hazelrigg,2022,12,6.231873512242453,0.5361393385979656
2022-12-16,103.62134306136255,Ainsdale,2022,12,6.995294633265966,1.3185288745271173
2023-01-16,62.80707967943079,Wytham,2023,1,8.058038263222938,1.9182986095016072
2023-01-16,144.80440625200436,Hazelrigg,2023,1,7.721766219920557,3.1094585342378505
2023-01-16,77.79762687499482,Ainsdale,2023,1,8.36176380378659,3.70009878857943
2023-02-16,8.385689016777148,Wytham,2023,2,9.834983049671905,2.4410530677890394
2023-02-16,30.335162483971136,Hazelrigg,2023,2,8.863420641804105,3.8947298317801122
2023-02-16,7.174486103732963,Ainsdale,2023,2,9.653236000371967,4.373035728744941
2023-03-16,142.3415115809336,Wytham,2023,3,10.260093616490357,4.300289953630317
2023-03-16,138.57069858412854,Hazelrigg,2023,3,9.358468869771642,3.780818198680165
2023-03-16,94.86322087295076,Ainsdale,2023,3,9.886483124730539,4.492969484819585
2023-04-16,65.8179112661465,Wytham,2023,4,13.017563885473704,4.569438495275335
2023-04-16,57.43994877484789,Hazelrigg,2023,4,12.234622890787435,4.921180104334622
2023-04-16,31.22533922957568,Ainsdale,2023,4,12.670038978973729,5.83254028488061
2023-05-16,49.59310820420362,Wytham,2023,5,17.54694209101735,7.919258875899933
2023-05-16,26.623926649682772,Hazelrigg,2023,5,16.65070100277886,8.413302276179305
2023-05-16,21.274635647459327,Ainsdale,2023,5,16.941606811916568,9.176043076310298
2023-06-16,48.79692852106107,Wytham,2023,6,23.15944565191791,11.834768008703044
2023-06-16,64.07635017230888,Hazelrigg,2023,6,21.519489799987984,12.060058672877645
2023-06-16,49.85213000513872,Ainsdale,2023,6,21.991379515585095,12.823992671452812
2023-07-16,114.15015012789196,Wytham,2023,7,20.650994017201082,12.517729732976651
2023-07-16,222.9615941320943,Hazelrigg,2023,7,18.165900829961334,12.83475714408847
2023-07-16,172.9810991189106,Ainsdale,2023,7,18.83216988177142,13.658912566852491
2023-08-16,65.1148762416949,Wytham,2023,8,21.174013512216828,12.49988315411169
2023-08-16,89.01586248297824,Hazelrigg,2023,8,18.713423323924623,13.06684467465896
2023-08-16,75.29922463899521,Ainsdale,2023,8,19.251687203063614,14.04764682259075
2023-09-16,67.22542146662293,Wytham,2023,9,21.98406372520124,12.889547831200723
2023-09-16,136.03069875330033,Hazelrigg,2023,9,19.228357394712603,12.64409717139879
2023-09-16,101.90914698861079,Ainsdale,2023,9,20.10778726665177,13.239911656693254
2023-10-16,144.22551493655064,Wytham,2023,10,16.41259938397915,9.206903860190227
2023-10-16,118.41407263269397,Hazelrigg,2023,10,13.901251704454602,8.895640094328176
2023-10-16,129.72855347917562,Ainsdale,2023,10,14.89453596160895,9.228671492278783
2023-11-16,85.0388887379726,Wytham,2023,11,10.573567940663944,4.509860492301861
2023-11-16,124.45614641733683,Hazelrigg,2023,11,9.684661229598957,4.786157787830644
2023-11-16,115.99847803078005,Ainsdale,2023,11,10.420862845340652,5.737990224429501
2023-12-16,130.43661921214056,Wytham,2023,12,9.748786555813288,5.057586474400392
2023-12-16,217.16928833468748,Hazelrigg,2023,12,8.677143101359192,4.362324225295418
2023-12-16,131.0139904351644,Ainsdale,2023,12,9.518600998908836,5.423434719426776
2024-01-16,80.0712890625,Wytham,2024,1,7.53515625,1.99609375
2024-01-16,95.24893973214286,Ainsdale,2024,1,7.765931919642857,2.9285993303571427
2024-01-16,144.680908203125,Hazelrigg,2024,1,7.08056640625,2.297119140625
2024-02-16,149.630859375,Wytham,2024,2,10.947265625,5.2001953125
2024-02-16,115.44017857142858,Ainsdale,2024,2,10.062137276785714,5.220368303571429
2024-02-16,129.65771484375,Hazelrigg,2024,2,9.375732421875,4.646240234375
2024-03-16,96.7470703125,Wytham,2024,3,11.7626953125,5.037109375
2024-03-16,86.27321428571429,Ainsdale,2024,3,10.850334821428572,5.3537667410714285
2024-03-16,110.8095703125,Hazelrigg,2024,3,10.351806640625,4.72021484375
2024-04-16,71.513671875,Wytham,2024,4,13.591796875,6.1201171875
2024-04-16,69.30089285714286,Ainsdale,2024,4,12.443052455357142,6.735407366071429
2024-04-16,97.119873046875,Hazelrigg,2024,4,12.019287109375,5.556640625
2024-05-16,86.8076171875,Wytham,2024,5,18.302734375,9.6552734375
2024-05-16,90.98484933035715,Ainsdale,2024,5,17.795145089285715,11.160212053571428
2024-05-16,108.185791015625,Hazelrigg,2024,5,17.462890625,10.677734375
2024-06-16,16.4541015625,Wytham,2024,6,19.9365234375,9.5849609375
2024-06-16,47.40901227678572,Ainsdale,2024,6,17.00619419642857,11.248465401785714
2024-06-16,68.086181640625,Hazelrigg,2024,6,16.453125,10.26806640625
2024-07-16,84.685546875,Wytham,2024,7,21.6630859375,12.1787109375
2024-07-16,85.00853794642856,Ainsdale,2024,7,19.090876116071428,12.498297991071428
2024-07-16,58.8115234375,Hazelrigg,2024,7,18.3564453125,11.942138671875
2024-08-16,45.259765625,Wytham,2024,8,22.341796875,12.9169921875
2024-08-16,59.153878348214285,Ainsdale,2024,8,19.508761160714286,13.950948660714285
2024-08-16,111.02587890625,Hazelrigg,2024,8,18.590087890625,12.965576171875
2024-09-16,198.224609375,Wytham,2024,9,18.2353515625,10.6708984375
2024-09-16,139.76771763392858,Ainsdale,2024,9,17.0744140625,10.886830357142857
2024-09-16,158.569091796875,Hazelrigg,2024,9,16.432861328125,10.394775390625
2024-10-16,85.8408203125,Wytham,2024,10,14.92578125,8.357421875
2024-10-16,92.97737165178572,Ainsdale,2024,10,14.813392857142857,9.0291015625
2024-10-16,149.073486328125,Hazelrigg,2024,10,14.182373046875,8.644775390625
2024-11-16,77.484375,Wytham,2024,11,10.03515625,4.8466796875
2024-11-16,66.2173828125,Ainsdale,2024,11,10.535825892857142,5.347014508928571
2024-11-16,95.155029296875,Hazelrigg,2024,11,9.72998046875,4.321044921875
2024-12-16,52.10546875,Wytham,2024,12,8.865234375,4.7880859375
2024-12-16,114.78250558035714,Ainsdale,2024,12,9.727176339285714,5.756026785714286
2024-12-16,164.840576171875,Hazelrigg,2024,12,8.947265625,4.8466796875
